Date,Population,DAYOFWEEK,DAYOFYEAR,enso,mean_humidity,mean_solar_radiation,mean_temp,mean_wind_direction,mean_windspeed,rainfall
2023-01-01,8323889.0,,,,,,,,,
2023-01-31,8323889.0,4.0,1.0,0.0,71.30434782608695,187.7,23.83652173913044,231.7271739130435,2.591304347826087,0.6
2023-02-01,8334723.416666667,,,,,,,,,
2023-02-28,8334723.416666667,5.0,2.0,0.0,76.87416666666667,213.1916666666667,23.453333333333333,178.43055555555554,1.696527777777778,0.3
2023-03-01,8345557.833333333,,,,,,,,,
2023-03-31,8345557.833333333,6.0,3.0,0.0,85.81,73.62291666666667,17.603333333333335,147.41145833333334,2.223263888888889,12.6
2023-04-01,8356392.25,,,,,,,,,
2023-04-30,8356392.25,0.0,4.0,0.0,80.72333333333334,125.11041666666668,18.863333333333333,107.96805555555557,1.743402777777778,1.0
2023-05-01,8367226.666666667,,,,,,,,,
2023-05-31,8367226.666666667,1.0,5.0,0.0,67.8425,300.90625,22.985,113.6736111111111,1.5875,0.0
2023-06-01,8378061.083333333,,,,,,,,,
2023-06-30,8378061.083333333,2.0,6.0,0.0,73.01354166666667,324.37083333333334,22.80479166666667,144.72152777777777,2.368402777777778,0.0
2023-07-01,8388895.5,,,,,,,,,
2023-07-31,8388895.5,3.0,7.0,0.0,72.32416666666667,112.24166666666667,19.645,146.39513888888888,1.9916666666666665,0.0
2023-08-01,8399729.916666666,,,,,,,,,
2023-08-31,8399729.916666666,4.0,8.0,1.0,71.63416666666667,245.35625,21.92333333333333,102.40763888888888,1.6378472222222225,0.0
2023-09-01,8410564.333333334,,,,,,,,,
2023-09-30,8410564.333333334,5.0,9.0,1.0,54.045,346.65000000000003,27.005,188.29479166666667,1.5354166666666669,0.0
2023-10-01,8421398.75,,,,,,,,,
2023-10-31,8421398.75,6.0,10.0,1.0,54.70166666666668,347.49583333333334,25.831666666666667,163.83645833333333,2.575,0.0
2023-11-01,8432233.166666666,,,,,,,,,
2023-11-30,8432233.166666666,0.0,11.0,1.0,72.35583333333334,277.36875,22.8075,93.17708333333331,2.002083333333333,0.0
2023-12-01,8443067.583333334,,,,,,,,,
2023-12-31,8443067.583333334,1.0,12.0,0.0,65.65166666666667,325.00416666666666,27.7125,103.02708333333334,1.91875,0.0
2024-01-01,8453902.0,,,,,,,,,
2024-01-31,8453902.0,2.0,13.0,0.0,74.39416666666666,279.2291666666667,23.559166666666663,159.39270833333333,2.3875,0.0
2024-02-01,8464438.583333334,,,,,,,,,
2024-02-29,8464438.583333334,3.0,14.0,0.0,83.17583333333333,93.05208333333331,18.98,167.96666666666667,2.020833333333333,11.0
2024-03-01,8474975.166666666,,,,,,,,,
2024-03-31,8474975.166666666,4.0,15.0,0.0,80.92583333333333,136.88125,20.651666666666667,150.80729166666666,1.8135416666666664,0.4
2024-04-01,8485511.75,,,,,,,,,
2024-04-30,8485511.75,5.0,16.0,0.0,74.45916666666666,201.89583333333331,22.49416666666667,99.04166666666669,1.725347222222222,0.0
2024-05-01,8496048.333333334,,,,,,,,,
2024-05-31,8496048.333333334,6.0,17.0,0.0,76.5925,268.40208333333334,20.671458333333334,166.65972222222223,2.386111111111111,0.0
2024-06-01,8506584.916666666,,,,,,,,,
2024-06-30,8506584.916666666,0.0,18.0,0.0,48.3125,345.3895833333333,17.809166666666666,233.46354166666663,3.684375,0.0
2024-07-01,8517121.5,,,,,,,,,
2024-07-31,8517121.5,1.0,19.0,1.0,40.82083333333333,372.50208333333336,18.82,209.01666666666665,2.1708333333333334,0.0
2024-08-01,8527658.083333334,,,,,,,,,
2024-08-31,8527658.083333334,2.0,20.0,1.0,36.240833333333335,360.0958333333333,23.35833333333333,186.25520833333331,1.9833333333333332,0.0
2024-09-01,8538194.666666666,,,,,,,,,
2024-09-30,8538194.666666666,3.0,21.0,1.0,60.053333333333335,347.725,24.668333333333333,156.80208333333334,2.1479166666666667,0.0
2024-10-01,8548731.25,,,,,,,,,
2024-10-31,8548731.25,4.0,22.0,1.0,54.90208333333334,312.02916666666664,26.879375,156.01388888888889,1.98125,0.0
2024-11-01,8559267.833333334,,,,,,,,,
2024-11-30,8559267.833333334,5.0,23.0,1.0,53.34666666666666,270.2604166666667,26.00916666666667,215.4989583333333,2.7302083333333336,0.0
2024-12-01,8569804.416666666,,,,,,,,,
2024-12-31,8569804.416666666,6.0,24.0,0.0,76.09916666666666,121.89583333333331,19.18166666666667,147.96562500000002,1.8875,4.0
2025-01-01,8580341.0,,,,,,,,,
2025-01-31,8580341.0,0.0,25.0,0.0,78.83333333333333,201.82083333333333,21.87833333333333,125.16770833333334,1.6260416666666666,0.0
2025-02-01,8590516.416666666,,,,,,,,,
2025-02-28,8590516.416666666,1.0,26.0,0.0,68.74583333333334,306.72083333333336,26.030833333333334,127.4125,1.578125,0.0
2025-03-01,8600691.833333334,,,,,,,,,
2025-03-31,8600691.833333334,2.0,27.0,1.0,76.98541666666667,124.48541666666668,22.44458333333333,145.33333333333334,2.097916666666667,0.0
2025-04-01,8610867.25,,,,,,,,,
2025-04-30,8610867.25,3.0,28.0,1.0,85.76916666666666,104.0,21.49125,142.4545138888889,1.4184027777777777,0.6
2025-05-01,8621042.666666666,,,,,,,,,
2025-05-31,8621042.666666666,4.0,29.0,1.0,75.39916666666666,294.6041666666667,22.20833333333333,161.49166666666667,2.578125,2.0
2025-06-01,8631218.083333334,,,,,,,,,
2025-06-30,8631218.083333334,5.0,30.0,1.0,77.50416666666666,178.15833333333333,21.367500000000003,159.21770833333332,2.535416666666667,2.2
2025-07-01,8641393.5,,,,,,,,,
2025-07-31,8641393.5,6.0,31.0,1.0,81.045,162.90208333333334,22.33083333333333,111.05208333333331,1.9791666666666667,0.0
2025-08-01,8651568.916666666,,,,,,,,,
2025-08-31,8651568.916666666,0.0,32.0,1.0,75.34333333333333,247.7458333333333,22.596666666666668,119.18333333333334,2.2291666666666665,0.0
2025-09-01,8661744.333333334,,,,,,,,,
2025-09-30,8661744.333333334,1.0,33.0,1.0,74.79833333333333,211.52291666666667,21.348333333333333,137.884375,3.204166666666667,0.0
2025-10-01,8671919.75,,,,,,,,,
2025-10-31,8671919.75,2.0,34.0,1.0,83.35833333333333,185.09166666666667,22.046666666666667,110.57604166666664,3.392708333333333,10.0
2025-11-01,8682095.166666666,,,,,,,,,
2025-11-30,8682095.166666666,3.0,35.0,1.0,89.64166666666667,75.51458333333333,22.331666666666667,85.45208333333333,2.922916666666667,9.0
2025-12-01,8692270.583333334,,,,,,,,,
2025-12-31,8692270.583333334,4.0,36.0,1.0,88.11458333333333,141.21875,22.804375000000004,121.28888888888888,1.6065972222222225,7.0
2026-01-01,8702446.0,,,,,,,,,
2026-01-31,8702446.0,5.0,37.0,1.0,84.74833333333333,84.81875,20.874166666666667,177.27604166666666,4.11875,34.2
2026-02-01,8712274.916666666,,,,,,,,,
2026-02-28,8712274.916666666,6.0,38.0,1.0,86.98583333333333,110.38541666666669,21.230833333333333,171.47604166666667,2.2791666666666663,79.7
2026-03-01,8722103.833333334,,,,,,,,,
2026-03-31,8722103.833333334,0.0,39.0,1.0,86.63749999999999,107.93333333333334,21.94833333333333,120.04652777777778,1.7402777777777778,5.0
2026-04-01,8731932.75,,,,,,,,,
2026-04-30,8731932.75,1.0,40.0,1.0,76.165,281.7416666666667,23.44,144.99687500000002,1.5614583333333334,0.0
2026-05-01,8741761.666666666,,,,,,,,,
2026-05-31,8741761.666666666,2.0,41.0,1.0,75.24395833333334,299.68958333333336,23.79083333333333,149.2201388888889,1.3180555555555555,0.0
2026-06-01,8751590.583333334,,,,,,,,,
2026-06-30,8751590.583333334,3.0,42.0,1.0,75.32083333333334,246.84166666666667,24.041666666666668,149.17499999999998,1.1177083333333333,0.0
2026-07-01,8761419.5,,,,,,,,,
2026-07-31,8761419.5,4.0,43.0,1.0,71.70333333333333,244.22708333333333,25.363333333333333,216.30381944444449,1.8649305555555555,0.0
2026-08-01,8771248.416666666,,,,,,,,,
2026-08-31,8771248.416666666,5.0,44.0,1.0,91.07666666666668,76.73333333333333,21.258333333333333,167.72291666666666,0.9645833333333336,71.6
2026-09-01,8781077.333333334,,,,,,,,,
2026-09-30,8781077.333333334,6.0,45.0,1.0,92.83166666666666,56.61041666666667,21.281666666666663,142.25104166666668,1.1875,10.0
2026-10-01,8790906.25,,,,,,,,,
2026-10-31,8790906.25,0.0,46.0,0.0,68.97958333333334,295.84791666666666,23.508333333333336,248.84236111111116,2.147222222222222,14.4
2026-11-01,8800735.166666666,,,,,,,,,
2026-11-30,8800735.166666666,1.0,47.0,0.0,65.88416666666667,191.95416666666665,20.849166666666665,210.21875,3.484375,1.0
2026-12-01,8810564.083333334,,,,,,,,,
2026-12-31,8810564.083333334,2.0,48.0,0.0,69.12416666666667,300.77708333333334,19.76083333333333,175.021875,1.976041666666667,0.0
2027-01-01,8820393.0,,,,,,,,,
2027-01-31,8820393.0,3.0,49.0,0.0,69.78458333333333,239.98333333333332,18.8675,172.78958333333333,2.625,0.0
2027-02-01,8829805.916666666,,,,,,,,,
2027-02-28,8829805.916666666,4.0,50.0,0.0,73.23,181.25625,19.706666666666667,133.68020833333333,1.7302083333333331,0.0
2027-03-01,8839218.833333334,,,,,,,,,
2027-03-31,8839218.833333334,5.0,51.0,0.0,70.55125,299.8979166666667,21.67458333333333,139.83923611111112,1.6826388888888888,0.0
2027-04-01,8848631.75,,,,,,,,,
2027-04-30,8848631.75,6.0,52.0,0.0,63.06,287.03541666666666,24.742500000000003,167.39270833333333,1.4052083333333334,0.0
2027-05-01,8858044.666666666,,,,,,,,,
2027-05-31,8858044.666666666,0.0,53.0,0.0,53.0725,277.23541666666665,27.034166666666668,238.82083333333333,1.7333333333333334,0.0
2027-06-01,8867457.583333334,,,,,,,,,
2027-06-30,8867457.583333334,1.0,54.0,0.0,60.645,245.40416666666667,22.934166666666663,178.14687500000002,2.629166666666667,0.0
2027-07-01,8876870.5,,,,,,,,,
2027-07-31,8876870.5,2.0,55.0,0.0,67.83666666666666,140.67083333333332,19.35333333333333,140.57916666666668,1.9125,0.0
2027-08-01,8886283.416666666,,,,,,,,,
2027-08-31,8886283.416666666,3.0,56.0,0.0,67.98833333333333,225.08333333333331,18.80666666666667,137.50486111111113,1.8493055555555555,0.0
2027-09-01,8895696.333333334,,,,,,,,,
2027-09-30,8895696.333333334,4.0,57.0,0.0,74.04,180.75208333333333,18.83333333333333,126.42395833333336,1.6166666666666665,0.0
2027-10-01,8905109.25,,,,,,,,,
2027-10-31,8905109.25,5.0,58.0,0.0,68.60333333333334,297.6770833333333,22.254166666666663,126.26666666666668,1.2197916666666666,1.0
2027-11-01,8914522.166666666,,,,,,,,,
2027-11-30,8914522.166666666,6.0,59.0,0.0,81.44395833333333,153.65,20.92020833333333,200.2086805555556,1.3263888888888888,0.0
2027-12-01,8923935.083333334,,,,,,,,,
2027-12-31,8923935.083333334,0.0,60.0,0.0,80.36999999999999,64.55208333333333,16.373958333333334,181.01666666666665,2.783333333333333,4.4
2028-01-01,8933348.0,,,,,,,,,
2028-01-31,8933348.0,1.0,61.0,1.0,71.79083333333334,138.49791666666667,16.419166666666666,171.79999999999998,2.317708333333333,8.0
2028-02-01,8942387.166666666,,,,,,,,,
2028-02-29,8942387.166666666,2.0,62.0,1.0,70.5625,209.7229166666667,17.857499999999998,160.39374999999998,1.8864583333333331,0.0
2028-03-01,8951426.333333334,,,,,,,,,
2028-03-31,8951426.333333334,3.0,63.0,1.0,79.71166666666666,147.85,18.879166666666663,141.67395833333333,1.7083333333333333,0.0
2028-04-01,8960465.5,,,,,,,,,
2028-04-30,8960465.5,4.0,64.0,1.0,88.55416666666667,83.28958333333334,20.02833333333333,151.70104166666667,1.1083333333333334,0.0
2028-05-01,8969504.666666666,,,,,,,,,
2028-05-31,8969504.666666666,5.0,65.0,1.0,82.28833333333334,241.88125,22.585,111.74479166666669,1.3229166666666667,15.1
2028-06-01,8978543.833333334,,,,,,,,,
2028-06-30,8978543.833333334,6.0,66.0,1.0,79.73583333333333,131.16458333333333,22.58833333333333,96.79479166666664,2.7541666666666664,0.05
2028-07-01,8987583.0,,,,,,,,,
2028-07-31,8987583.0,0.0,67.0,1.0,68.02083333333333,184.90416666666667,24.1,139.359375,2.49375,2.0
2028-08-01,8996622.166666666,,,,,,,,,
2028-08-31,8996622.166666666,1.0,68.0,1.0,51.727291666666666,271.86875000000003,21.46395833333333,267.4090277777778,2.865972222222222,0.0
2028-09-01,9005661.333333334,,,,,,,,,
2028-09-30,9005661.333333334,2.0,69.0,1.0,70.3575,63.21666666666667,17.3325,186.91145833333331,2.834375,0.0
2028-10-01,9014700.5,,,,,,,,,
2028-10-31,9014700.5,3.0,70.0,1.0,65.89416666666666,168.4375,17.271666666666665,178.3395833333333,3.020833333333333,0.0
2028-11-01,9023739.666666666,,,,,,,,,
2028-11-30,9023739.666666666,4.0,71.0,1.0,66.50083333333333,198.3708333333333,17.493333333333336,173.196875,2.63125,0.6
2028-12-01,9032778.833333334,,,,,,,,,
2028-12-31,9032778.833333334,5.0,72.0,1.0,76.245,158.35625000000002,16.9475,182.61666666666667,2.345833333333333,0.0
2029-01-01,9041818.0,,,,,,,,,
2029-01-31,9041818.0,6.0,73.0,1.0,73.7,181.27291666666667,18.000833333333333,170.81354166666665,1.6645833333333335,6.0
2029-02-01,9050428.166666666,,,,,,,,,
2029-02-28,9050428.166666666,0.0,74.0,0.0,71.95666666666666,216.53125,19.3075,154.17499999999998,1.3864583333333331,0.0
2029-03-01,9059038.333333334,,,,,,,,,
2029-03-31,9059038.333333334,1.0,75.0,0.0,69.56,248.3479166666667,19.411666666666665,156.06770833333334,1.415625,0.0
2029-04-01,9067648.5,,,,,,,,,
2029-04-30,9067648.5,2.0,76.0,0.0,66.09833333333334,273.38125,18.850416666666668,173.47187499999998,1.415625,0.0
2029-05-01,9076258.666666666,,,,,,,,,
2029-05-31,9076258.666666666,3.0,77.0,1.0,69.685,232.2875,19.576666666666668,150.31041666666667,1.2375,0.0
2029-06-01,9084868.833333334,,,,,,,,,
2029-06-30,9084868.833333334,4.0,78.0,0.0,66.84583333333333,253.34583333333333,21.258333333333333,203.98645833333333,1.146875,0.0
2029-07-01,9093479.0,,,,,,,,,
2029-07-31,9093479.0,5.0,79.0,1.0,57.26666666666667,249.1875,23.565,178.29375000000002,1.390625,0.0
2029-08-01,9102089.166666666,,,,,,,,,
2029-08-31,9102089.166666666,6.0,80.0,1.0,56.2275,210.71041666666667,24.136666666666667,227.43854166666668,2.316666666666667,0.0
2029-09-01,9110699.333333334,,,,,,,,,
2029-09-30,9110699.333333334,0.0,81.0,0.0,71.72833333333334,183.10416666666663,19.79583333333333,148.93333333333334,1.6333333333333335,0.0
2029-10-01,9119309.5,,,,,,,,,
2029-10-31,9119309.5,1.0,82.0,0.0,68.18249999999999,251.7375,20.50916666666667,203.371875,1.45625,0.0
2029-11-01,9127919.666666666,,,,,,,,,
2029-11-30,9127919.666666666,2.0,83.0,0.0,77.2075,177.6291666666667,18.79083333333333,170.00208333333333,1.934375,0.0
2029-12-01,9136529.833333334,,,,,,,,,
2029-12-31,9136529.833333334,3.0,84.0,0.0,74.48583333333333,211.64375,20.673125,149.75416666666666,1.403472222222222,0.0
2030-01-01,9145140.0,,,,,,,,,
2030-01-31,9145140.0,4.0,85.0,0.0,64.30083333333333,216.73541666666665,23.665000000000003,189.5666666666667,1.3114583333333334,0.0
2030-02-01,9153345.25,,,,,,,,,
2030-02-28,9153345.25,5.0,86.0,0.0,73.27,203.34166666666667,22.354166666666668,186.659375,2.0791666666666666,0.0
2030-03-01,9161550.5,,,,,,,,,
2030-03-31,9161550.5,6.0,87.0,0.0,75.87416666666667,210.99375,22.47,123.75833333333333,1.378125,0.0
2030-04-01,9169755.75,,,,,,,,,
2030-04-30,9169755.75,0.0,88.0,0.0,86.47250000000001,41.4,20.129166666666663,221.61979166666663,0.975,0.0
2030-05-01,9177961.0,,,,,,,,,
2030-05-31,9177961.0,1.0,89.0,0.0,92.84958333333331,44.21041666666667,18.27833333333333,214.07881944444443,1.259027777777778,5.4
2030-06-01,9186166.25,,,,,,,,,
2030-06-30,9186166.25,2.0,90.0,0.0,80.28666666666668,94.98541666666668,17.479166666666668,201.696875,2.81875,11.4
2030-07-01,9194371.5,,,,,,,,,
2030-07-31,9194371.5,3.0,91.0,0.0,64.689375,233.21458333333337,17.984166666666667,211.3479166666667,2.2645833333333334,0.0
2030-08-01,9202576.75,,,,,,,,,
2030-08-31,9202576.75,4.0,92.0,0.0,68.93666666666667,171.57083333333333,17.676666666666666,196.778125,1.9520833333333332,0.0
2030-09-01,9210782.0,,,,,,,,,
2030-09-30,9210782.0,5.0,93.0,0.0,76.815,163.925,16.2275,194.503125,2.097916666666667,0.0
2030-10-01,9218987.25,,,,,,,,,
2030-10-31,9218987.25,6.0,94.0,0.0,77.67999999999999,171.20624999999998,15.6475,191.98958333333331,2.091666666666667,5.8
2030-11-01,9227192.5,,,,,,,,,
2030-11-30,9227192.5,0.0,95.0,0.0,78.7,108.1,16.12333333333333,166.58958333333334,1.2895833333333333,1.6
2030-12-01,9235397.75,,,,,,,,,
2030-12-31,9235397.75,1.0,96.0,0.0,82.29666666666667,88.41041666666666,17.11916666666667,152.17916666666667,1.165625,0.0
2031-01-01,9243603.0,,,,,,,,,
2031-01-31,9243603.0,2.0,97.0,0.0,88.36916666666667,94.57916666666668,18.58,129.16666666666666,1.496875,5.0
2031-02-01,9251345.416666666,,,,,,,,,
2031-02-28,9251345.416666666,3.0,98.0,0.0,69.99833333333333,202.14791666666667,20.135,233.609375,2.7625,2.2
2031-03-01,9259087.833333334,,,,,,,,,
2031-03-31,9259087.833333334,4.0,99.0,0.0,72.78,210.31458333333333,17.1725,192.27083333333331,1.525,2.0
2031-04-01,9266830.25,,,,,,,,,
2031-04-30,9266830.25,5.0,100.0,0.0,70.28750000000001,160.83958333333334,18.758333333333333,227.953125,1.1854166666666666,0.0
2031-05-01,9274572.666666666,,,,,,,,,
2031-05-31,9274572.666666666,6.0,101.0,0.0,60.51166666666666,206.78125,19.66,242.64270833333333,2.54375,0.0
2031-06-01,9282315.083333334,,,,,,,,,
2031-06-30,9282315.083333334,0.0,102.0,0.0,41.2325,221.9729166666667,15.660000000000002,249.75833333333333,3.5,0.0
2031-07-01,9290057.5,,,,,,,,,
2031-07-31,9290057.5,1.0,103.0,0.0,63.526875,202.45416666666665,13.951458333333331,181.80173611111115,1.7708333333333333,0.0
2031-08-01,9297799.916666666,,,,,,,,,
2031-08-31,9297799.916666666,2.0,104.0,0.0,69.95333333333333,210.1,15.02,161.63229166666667,1.3395833333333331,0.0
2031-09-01,9305542.333333334,,,,,,,,,
2031-09-30,9305542.333333334,3.0,105.0,0.0,73.24416666666667,189.39375,16.503333333333334,174.40916666666666,1.539791666666667,0.0
2031-10-01,9313284.75,,,,,,,,,
2031-10-31,9313284.75,4.0,106.0,0.0,80.48916666666666,126.70416666666668,16.499166666666667,176.755,1.4725,0.0
2031-11-01,9321027.166666666,,,,,,,,,
2031-11-30,9321027.166666666,5.0,107.0,0.0,79.07416666666667,170.45624999999998,17.511666666666667,173.9375,1.3283333333333334,0.0
2031-12-01,9328769.583333334,,,,,,,,,
2031-12-31,9328769.583333334,6.0,108.0,0.0,81.31083333333333,172.90833333333333,18.000833333333336,176.48916666666665,1.4025,0.0
2032-01-01,9336512.0,,,,,,,,,
2032-01-31,9336512.0,0.0,109.0,0.0,81.23333333333333,131.95833333333334,18.57,160.19083333333333,1.2633333333333334,0.0
2032-02-01,9344123.583333334,,,,,,,,,
2032-02-29,9344123.583333334,1.0,110.0,0.0,78.53750000000001,163.93541666666667,18.609166666666667,160.93,1.2016666666666669,0.0
2032-03-01,9351735.166666666,,,,,,,,,
2032-03-31,9351735.166666666,2.0,111.0,0.0,76.23645833333333,180.28125,17.98375,178.09041666666667,1.2347916666666667,0.6
2032-04-01,9359346.75,,,,,,,,,
2032-04-30,9359346.75,3.0,112.0,0.0,72.03229166666667,186.35416666666663,19.340625,195.208125,1.194583333333333,0.0
2032-05-01,9366958.333333334,,,,,,,,,
2032-05-31,9366958.333333334,4.0,113.0,0.0,63.43729166666666,176.0583333333333,20.364791666666665,228.97583333333333,1.373125,0.0
2032-06-01,9374569.916666666,,,,,,,,,
2032-06-30,9374569.916666666,5.0,114.0,0.0,71.74833333333333,76.47916666666667,19.668333333333333,202.8741666666667,1.2908333333333333,0.0
2032-07-01,9382181.5,,,,,,,,,
2032-07-31,9382181.5,6.0,115.0,0.0,71.85166666666667,109.32083333333333,16.756666666666668,218.3141666666667,1.9625,9.0
2032-08-01,9389793.083333334,,,,,,,,,
2032-08-31,9389793.083333334,0.0,116.0,0.0,64.56541666666668,186.79166666666663,13.720416666666663,203.106875,1.5897916666666667,0.0
2032-09-01,9397404.666666666,,,,,,,,,
2032-09-30,9397404.666666666,1.0,117.0,0.0,73.15416666666667,53.29166666666666,12.188541666666666,276.26354166666664,1.0510416666666669,0.0
2032-10-01,9405016.25,,,,,,,,,
2032-10-31,9405016.25,2.0,118.0,0.0,57.04375,183.36666666666667,15.402083333333335,264.809375,2.0541666666666667,0.0
2032-11-01,9412627.833333334,,,,,,,,,
2032-11-30,9412627.833333334,3.0,119.0,0.0,55.77805555555556,179.9416666666667,15.568055555555556,243.01083333333332,2.631388888888889,0.0
2032-12-01,9420239.416666666,,,,,,,,,
2032-12-31,9420239.416666666,4.0,120.0,0.0,72.31583333333333,56.11875,13.83,200.355,1.9016666666666664,0.0
2033-01-01,9427851.0,,,,,,,,,
2033-01-31,9427851.0,5.0,121.0,0.0,79.45583333333333,96.86666666666667,15.006666666666666,152.88750000000002,1.2791666666666666,1.0
2033-02-01,9435338.5,,,,,,,,,
2033-02-28,9435338.5,6.0,122.0,0.0,73.28083333333333,169.38333333333333,16.1725,236.40583333333333,1.3158333333333332,0.0
2033-03-01,9442826.0,,,,,,,,,
2033-03-31,9442826.0,0.0,123.0,0.0,78.56666666666668,111.40833333333336,16.2075,169.7483333333333,1.7033333333333334,0.0
2033-04-01,9450313.5,,,,,,,,,
2033-04-30,9450313.5,1.0,124.0,0.0,78.53729166666666,133.02916666666667,16.796875,158.78875,1.273125,0.0
2033-05-01,9457801.0,,,,,,,,,
2033-05-31,9457801.0,2.0,125.0,0.0,65.85645833333334,106.55416666666666,13.377916666666666,242.25604166666668,2.732083333333333,0.2
2033-06-01,9465288.5,,,,,,,,,
2033-06-30,9465288.5,3.0,126.0,0.0,57.36833333333333,170.19791666666666,12.044166666666667,240.40916666666664,2.74,0.5
2033-07-01,9472776.0,,,,,,,,,
2033-07-31,9472776.0,4.0,127.0,0.0,62.895,168.24791666666667,12.574166666666663,242.66,1.9041666666666668,0.0
2033-08-01,9480263.5,,,,,,,,,
2033-08-31,9480263.5,5.0,128.0,0.0,64.28,161.025,13.775833333333331,201.77666666666667,1.3549999999999998,1.0
2033-09-01,9487751.0,,,,,,,,,
2033-09-30,9487751.0,6.0,129.0,0.0,69.29416666666667,159.44375,14.555833333333332,163.55416666666667,1.3425,0.0
2033-10-01,9495238.5,,,,,,,,,
2033-10-31,9495238.5,0.0,130.0,0.0,73.44166666666666,156.97708333333335,14.815833333333332,162.53916666666666,1.3233333333333337,0.0
2033-11-01,9502726.0,,,,,,,,,
2033-11-30,9502726.0,1.0,131.0,0.0,57.325,145.69791666666666,14.784166666666666,246.305,2.490833333333333,0.0
2033-12-01,9510213.5,,,,,,,,,
2033-12-31,9510213.5,2.0,132.0,0.0,45.48541666666667,161.96458333333334,11.402708333333337,225.8975,2.7475,0.0
2034-01-01,9517701.0,,,,,,,,,
2034-01-31,9517701.0,3.0,133.0,0.0,58.74666666666666,157.57916666666668,11.683333333333332,220.57,2.681666666666666,0.0
2034-02-01,9525071.75,,,,,,,,,
2034-02-28,9525071.75,4.0,134.0,0.0,67.3575,151.27916666666667,11.518333333333333,214.3766666666667,1.885,0.0
2034-03-01,9532442.5,,,,,,,,,
2034-03-31,9532442.5,5.0,135.0,0.0,64.065,148.97916666666666,12.386666666666668,213.16166666666663,1.925,0.0
2034-04-01,9539813.25,,,,,,,,,
2034-04-30,9539813.25,6.0,136.0,0.0,74.41166666666668,140.58333333333334,12.63,205.22333333333336,1.3175,0.0
2034-05-01,9547184.0,,,,,,,,,
2034-05-31,9547184.0,0.0,137.0,0.0,83.32083333333334,46.95,12.6375,227.5375,1.2466666666666668,0.2
2034-06-01,9554554.75,,,,,,,,,
2034-06-30,9554554.75,1.0,138.0,0.0,79.7275,66.69583333333334,12.871666666666668,212.6891666666667,1.616666666666667,13.0
2034-07-01,9561925.5,,,,,,,,,
2034-07-31,9561925.5,2.0,139.0,0.0,77.42479166666666,114.16458333333333,12.86375,193.855625,1.719375,35.0
2034-08-01,9569296.25,,,,,,,,,
2034-08-31,9569296.25,3.0,140.0,0.0,81.34833333333334,110.0,11.954166666666666,193.2425,1.2908333333333333,1.0
2034-09-01,9576667.0,,,,,,,,,
2034-09-30,9576667.0,4.0,141.0,0.0,82.6625,101.21666666666668,12.075833333333334,201.86,1.7083333333333333,0.0
2034-10-01,9584037.75,,,,,,,,,
2034-10-31,9584037.75,5.0,142.0,0.0,72.94250000000001,103.5375,11.659166666666666,208.7775,2.3158333333333334,6.0
2034-11-01,9591408.5,,,,,,,,,
2034-11-30,9591408.5,6.0,143.0,0.0,77.9225,84.4,10.792500000000002,197.625,1.4383333333333337,5.0
2034-12-01,9598779.25,,,,,,,,,
2034-12-31,9598779.25,0.0,144.0,0.0,79.83791666666667,82.98333333333333,12.168958333333334,174.400625,1.2254166666666666,3.0
2035-01-01,9606150.0,,,,,,,,,
2035-01-31,9606150.0,1.0,145.0,0.0,91.98270833333332,48.88541666666666,13.016458333333333,211.2314583333333,0.7512500000000001,0.8
2035-02-01,9613412.333333334,,,,,,,,,
2035-02-28,9613412.333333334,2.0,146.0,0.0,92.94833333333334,15.10625,12.628333333333332,194.0825,2.214166666666667,12.4
2035-03-01,9620674.666666666,,,,,,,,,
2035-03-31,9620674.666666666,3.0,147.0,0.0,87.92083333333333,65.78750000000001,12.926666666666668,204.79916666666668,1.8775,34.0
2035-04-01,9627937.0,,,,,,,,,
2035-04-30,9627937.0,4.0,148.0,0.0,82.07666666666667,108.79375,13.534166666666666,171.7458333333333,1.2175,1.0
2035-05-01,9635199.333333334,,,,,,,,,
2035-05-31,9635199.333333334,5.0,149.0,0.0,93.37,43.56666666666666,13.150833333333331,120.11520833333331,1.039375,3.8
2035-06-01,9642461.666666666,,,,,,,,,
2035-06-30,9642461.666666666,6.0,150.0,0.0,77.95833333333333,101.64791666666666,12.959166666666668,240.43500000000003,1.288333333333333,3.3
2035-07-01,9649724.0,,,,,,,,,
2035-07-31,9649724.0,0.0,151.0,0.0,88.08916666666666,58.91875,13.12,205.68416666666667,2.7566666666666664,12.0
2035-08-01,9656986.333333334,,,,,,,,,
2035-08-31,9656986.333333334,1.0,152.0,0.0,79.03833333333334,98.92291666666668,12.756666666666668,209.6125,1.86,12.0
2035-09-01,9664248.666666666,,,,,,,,,
2035-09-30,9664248.666666666,2.0,153.0,0.0,81.53,112.64583333333331,11.831666666666663,206.1383333333333,1.7833333333333334,0.0
2035-10-01,9671511.0,,,,,,,,,
2035-10-31,9671511.0,3.0,154.0,0.0,90.88020833333331,75.17708333333333,13.535625,200.6733333333333,2.544791666666667,5.0
2035-11-01,9678773.333333334,,,,,,,,,
2035-11-30,9678773.333333334,4.0,155.0,0.0,88.55583333333334,38.675,13.940833333333332,197.89583333333331,2.601666666666667,30.6
2035-12-01,9686035.666666666,,,,,,,,,
2035-12-31,9686035.666666666,5.0,156.0,0.0,74.7725,119.74166666666666,13.515,218.35916666666665,2.4616666666666664,65.0
2036-01-01,9693298.0,,,,,,,,,
2036-01-31,9693298.0,6.0,157.0,0.0,69.65583333333333,108.99166666666667,11.054166666666667,221.1525,2.7633333333333336,0.0
2036-02-01,9700452.416666666,,,,,,,,,
2036-02-29,9700452.416666666,0.0,158.0,0.0,71.49333333333333,101.93125,10.283333333333331,218.49666666666667,2.1358333333333337,3.0
2036-03-01,9707606.833333334,,,,,,,,,
2036-03-31,9707606.833333334,1.0,159.0,0.0,78.87916666666666,118.88125,9.798333333333334,214.82666666666668,1.2908333333333333,0.0
2036-04-01,9714761.25,,,,,,,,,
2036-04-30,9714761.25,2.0,160.0,0.0,69.36833333333333,107.11041666666668,8.739166666666668,252.61,2.2225,0.0
2036-05-01,9721915.666666666,,,,,,,,,
2036-05-31,9721915.666666666,3.0,161.0,0.0,53.69166666666667,130.83541666666667,9.979166666666666,248.8683333333333,3.1725,0.0
2036-06-01,9729070.083333334,,,,,,,,,
2036-06-30,9729070.083333334,4.0,162.0,0.0,64.70666666666666,129.3375,8.571666666666667,241.33333333333331,2.4533333333333336,0.0
2036-07-01,9736224.5,,,,,,,,,
2036-07-31,9736224.5,5.0,163.0,0.0,66.31583333333333,120.74583333333334,8.643333333333333,213.0625,2.01,0.0
2036-08-01,9743378.916666666,,,,,,,,,
2036-08-31,9743378.916666666,6.0,164.0,0.0,68.26583333333333,127.36041666666668,8.385833333333332,224.6533333333333,1.7466666666666668,0.0
2036-09-01,9750533.333333334,,,,,,,,,
2036-09-30,9750533.333333334,0.0,165.0,0.0,74.93916666666667,125.2125,8.794166666666667,194.3,1.3625,0.0
2036-10-01,9757687.75,,,,,,,,,
2036-10-31,9757687.75,1.0,166.0,0.0,79.62979166666666,121.92708333333331,9.786041666666668,184.0233333333333,1.201875,0.0
2036-11-01,9764842.166666666,,,,,,,,,
2036-11-30,9764842.166666666,2.0,167.0,0.0,79.66583333333334,119.23541666666668,10.3975,182.37083333333337,1.1525,0.0
2036-12-01,9771996.583333334,,,,,,,,,
2036-12-31,9771996.583333334,3.0,168.0,0.0,70.85166666666667,41.239583333333336,12.320833333333333,237.2075,2.1725,0.0
2037-01-01,9779151.0,,,,,,,,,
2037-01-31,9779151.0,4.0,169.0,0.0,59.73,124.25416666666666,10.6175,248.85166666666663,2.1525000000000003,0.6
2037-02-01,9786203.083333334,,,,,,,,,
2037-02-28,9786203.083333334,5.0,170.0,0.0,64.77916666666667,116.94375,10.7375,247.06916666666663,2.7783333333333338,0.0
2037-03-01,9793255.166666666,,,,,,,,,
2037-03-31,9793255.166666666,6.0,171.0,0.0,65.825,122.69166666666666,11.590000000000002,220.5325,1.7025,0.0
2037-04-01,9800307.25,,,,,,,,,
2037-04-30,9800307.25,0.0,172.0,0.0,78.19333333333333,64.14791666666667,11.419166666666667,203.195,1.765,3.0
2037-05-01,9807359.333333334,,,,,,,,,
2037-05-31,9807359.333333334,1.0,173.0,0.0,83.41250000000001,61.22083333333333,12.089999999999998,189.4825,1.7675,1.0
2037-06-01,9814411.416666666,,,,,,,,,
2037-06-30,9814411.416666666,2.0,174.0,0.0,89.54333333333334,40.975,11.295,203.31159722222225,1.4719444444444445,3.0
2037-07-01,9821463.5,,,,,,,,,
2037-07-31,9821463.5,3.0,175.0,0.0,86.13666666666667,108.39166666666668,11.813333333333333,153.0641666666667,1.2308333333333332,12.0
2037-08-01,9828515.583333334,,,,,,,,,
2037-08-31,9828515.583333334,4.0,176.0,-1.0,84.20666666666666,89.74374999999999,12.310833333333331,193.20333333333332,1.1733333333333331,0.0
2037-09-01,9835567.666666666,,,,,,,,,
2037-09-30,9835567.666666666,5.0,177.0,0.0,71.614375,78.21458333333332,12.323333333333332,231.000625,1.9629166666666664,0.9
2037-10-01,9842619.75,,,,,,,,,
2037-10-31,9842619.75,6.0,178.0,0.0,70.84666666666666,129.375,7.249166666666666,217.6916666666667,1.850833333333333,0.0
2037-11-01,9849671.833333334,,,,,,,,,
2037-11-30,9849671.833333334,0.0,179.0,-1.0,67.90416666666667,129.46458333333334,6.628333333333333,239.95354166666667,1.6900000000000002,0.0
2037-12-01,9856723.916666666,,,,,,,,,
2037-12-31,9856723.916666666,1.0,180.0,-1.0,65.66916666666667,134.52708333333334,5.673749999999999,242.86479166666663,1.9339583333333328,0.0
2038-01-01,9863776.0,,,,,,,,,
2038-01-31,9863776.0,2.0,181.0,-1.0,65.60916666666667,126.33958333333334,6.323333333333333,235.89333333333332,1.8175,0.0
2038-02-01,9870731.5,,,,,,,,,
2038-02-28,9870731.5,3.0,182.0,-1.0,68.78479166666666,119.36458333333331,7.587083333333333,231.75333333333333,1.3445833333333337,0.0
2038-03-01,9877687.0,,,,,,,,,
2038-03-31,9877687.0,4.0,183.0,-1.0,81.67166666666667,39.08541666666667,7.026666666666666,239.14916666666667,1.1875,0.0
2038-04-01,9884642.5,,,,,,,,,
2038-04-30,9884642.5,5.0,184.0,0.0,69.16333333333334,125.89166666666668,8.503333333333334,229.04083333333332,2.4250000000000003,0.4
2038-05-01,9891598.0,,,,,,,,,
2038-05-31,9891598.0,6.0,185.0,0.0,69.48333333333333,128.84791666666666,9.354166666666666,221.3883333333333,1.9141666666666663,0.0
2038-06-01,9898553.5,,,,,,,,,
2038-06-30,9898553.5,0.0,186.0,-1.0,84.16479166666666,58.32291666666666,8.6425,222.39625,1.325,0.0
2038-07-01,9905509.0,,,,,,,,,
2038-07-31,9905509.0,1.0,187.0,-1.0,84.31166666666667,95.73333333333332,10.631666666666666,228.08416666666668,2.17,4.6
2038-08-01,9912464.5,,,,,,,,,
2038-08-31,9912464.5,2.0,188.0,-1.0,71.57145833333333,88.19791666666667,10.621458333333331,215.65104166666663,2.7258333333333336,1.0
2038-09-01,9919420.0,,,,,,,,,
2038-09-30,9919420.0,3.0,189.0,-1.0,77.49333333333334,89.14375000000001,10.09,210.2408333333333,2.265,1.0
2038-10-01,9926375.5,,,,,,,,,
2038-10-31,9926375.5,4.0,190.0,-1.0,82.045,83.58125,10.846666666666666,192.02083333333331,1.9541666666666664,18.0
2038-11-01,9933331.0,,,,,,,,,
2038-11-30,9933331.0,5.0,191.0,-1.0,84.03,84.13958333333333,10.571666666666667,165.26333333333335,1.1816666666666666,6.0
2038-12-01,9940286.5,,,,,,,,,
2038-12-31,9940286.5,6.0,192.0,-1.0,91.7575,39.03541666666667,11.659166666666666,191.21166666666667,0.6325,0.0
2039-01-01,9947242.0,,,,,,,,,
2039-01-31,9947242.0,0.0,193.0,-1.0,78.09166666666667,96.02083333333331,10.919166666666667,206.8625,0.9391666666666666,0.0
2039-02-01,9954102.75,,,,,,,,,
2039-02-28,9954102.75,1.0,194.0,-1.0,90.52791666666668,31.6125,11.995,134.51770833333333,1.1635416666666667,0.0
2039-03-01,9960963.5,,,,,,,,,
2039-03-31,9960963.5,2.0,195.0,-1.0,58.900416666666665,137.00208333333333,13.510833333333332,248.80500000000004,3.52,0.0
2039-04-01,9967824.25,,,,,,,,,
2039-04-30,9967824.25,3.0,196.0,-1.0,55.52333333333333,139.37083333333334,10.769166666666663,251.3683333333333,3.536666666666666,0.0
2039-05-01,9974685.0,,,,,,,,,
2039-05-31,9974685.0,4.0,197.0,-1.0,67.55791666666667,131.86666666666667,8.432708333333332,223.870625,1.9739583333333333,0.0
2039-06-01,9981545.75,,,,,,,,,
2039-06-30,9981545.75,5.0,198.0,-1.0,71.77,138.86875,8.696250000000001,194.88229166666667,1.353125,0.0
2039-07-01,9988406.5,,,,,,,,,
2039-07-31,9988406.5,6.0,199.0,-1.0,70.86666666666666,141.5625,8.771666666666667,221.26416666666668,1.221666666666667,0.0
2039-08-01,9995267.25,,,,,,,,,
2039-08-31,9995267.25,0.0,200.0,-1.0,78.12166666666667,49.94791666666666,8.368333333333334,219.0525,1.13,0.0
2039-09-01,10002128.0,,,,,,,,,
2039-09-30,10002128.0,1.0,201.0,-1.0,65.79083333333334,140.42499999999998,9.580833333333333,203.8033333333333,1.99375,0.0
2039-10-01,10008988.75,,,,,,,,,
2039-10-31,10008988.75,2.0,202.0,-1.0,68.95666666666666,128.78958333333335,8.439166666666667,211.20604166666664,1.687916666666667,4.0
2039-11-01,10015849.5,,,,,,,,,
2039-11-30,10015849.5,3.0,203.0,-1.0,68.64083333333333,129.27083333333334,8.026458333333332,211.218125,2.303333333333333,1.0
2039-12-01,10022710.25,,,,,,,,,
2039-12-31,10022710.25,4.0,204.0,-1.0,74.615,104.00833333333333,10.075,222.5758333333333,2.029166666666667,0.0
2040-01-01,10029571.0,,,,,,,,,
2040-01-31,10029571.0,5.0,205.0,-1.0,76.915,119.33541666666667,10.855833333333337,194.76916666666668,1.4391666666666667,3.0
2040-02-01,10036335.666666666,,,,,,,,,
2040-02-29,10036335.666666666,6.0,206.0,-1.0,84.5925,105.59583333333336,10.781666666666666,208.7325,1.393333333333333,0.0
2040-03-01,10043100.333333334,,,,,,,,,
2040-03-31,10043100.333333334,0.0,207.0,-1.0,82.20916666666666,87.75416666666666,10.1625,193.92583333333332,1.4,10.0
2040-04-01,10049865.0,,,,,,,,,
2040-04-30,10049865.0,1.0,208.0,-1.0,79.26895833333333,80.60416666666667,10.47125,170.06354166666668,1.2041666666666666,1.0
2040-05-01,10056629.666666666,,,,,,,,,
2040-05-31,10056629.666666666,2.0,209.0,-1.0,91.88416666666666,19.67083333333333,10.809166666666668,166.81166666666667,1.2358333333333331,2.8
2040-06-01,10063394.333333334,,,,,,,,,
2040-06-30,10063394.333333334,3.0,210.0,-1.0,94.62416666666668,38.91458333333333,11.206666666666663,198.11166666666668,1.2466666666666668,22.0
2040-07-01,10070159.0,,,,,,,,,
2040-07-31,10070159.0,4.0,211.0,-1.0,88.1325,90.02708333333334,13.474166666666669,192.19291666666663,1.315416666666667,1.0
2040-08-01,10076923.666666666,,,,,,,,,
2040-08-31,10076923.666666666,5.0,212.0,-1.0,73.49083333333333,120.50416666666666,13.763333333333334,239.03083333333333,2.28,7.0
2040-09-01,10083688.333333334,,,,,,,,,
2040-09-30,10083688.333333334,6.0,213.0,-1.0,59.89333333333334,158.125,11.5625,264.8075,2.869166666666666,0.0
2040-10-01,10090453.0,,,,,,,,,
2040-10-31,10090453.0,0.0,214.0,0.0,60.43666666666667,125.46458333333334,9.671666666666669,247.2025,4.245,0.6
2040-11-01,10097217.666666666,,,,,,,,,
2040-11-30,10097217.666666666,1.0,215.0,0.0,72.32666666666667,111.17291666666668,11.946666666666664,211.1883333333333,4.045,14.0
2040-12-01,10103982.333333334,,,,,,,,,
2040-12-31,10103982.333333334,2.0,216.0,0.0,69.29708333333333,165.0875,10.339583333333334,248.09625000000003,1.36,0.2
2041-01-01,10110747.0,,,,,,,,,
2041-01-31,10110747.0,3.0,217.0,-1.0,60.72166666666666,142.76666666666668,8.610833333333334,240.5016666666667,2.224166666666666,0.0
2041-02-01,10117413.25,,,,,,,,,
2041-02-28,10117413.25,4.0,218.0,-1.0,60.80833333333334,166.9375,9.0575,224.76833333333332,2.2433333333333336,0.0
2041-03-01,10124079.5,,,,,,,,,
2041-03-31,10124079.5,5.0,219.0,-1.0,69.27583333333332,168.225,7.924166666666667,211.03416666666664,1.929166666666667,0.0
2041-04-01,10130745.75,,,,,,,,,
2041-04-30,10130745.75,6.0,220.0,-1.0,72.45416666666667,165.95,8.1625,167.5475,1.274166666666667,0.0
2041-05-01,10137412.0,,,,,,,,,
2041-05-31,10137412.0,0.0,221.0,-1.0,75.97333333333334,168.89374999999998,9.22,161.335,1.4208333333333334,0.0
2041-06-01,10144078.25,,,,,,,,,
2041-06-30,10144078.25,1.0,222.0,-1.0,93.15166666666666,21.4,10.3225,167.3575,1.14,3.0
2041-07-01,10150744.5,,,,,,,,,
2041-07-31,10150744.5,2.0,223.0,-1.0,68.2925,149.6916666666667,11.555,266.5391666666667,2.535833333333333,4.8
2041-08-01,10157410.75,,,,,,,,,
2041-08-31,10157410.75,3.0,224.0,0.0,59.71333333333333,140.21875,11.475833333333334,265.83250000000004,4.274166666666667,0.0
2041-09-01,10164077.0,,,,,,,,,
2041-09-30,10164077.0,4.0,225.0,0.0,60.9025,172.78125,11.674166666666666,217.05666666666664,2.549166666666667,0.0
2041-10-01,10170743.25,,,,,,,,,
2041-10-31,10170743.25,5.0,226.0,0.0,68.2525,180.46041666666667,11.153333333333334,243.9675,1.4041666666666668,0.0
2041-11-01,10177409.5,,,,,,,,,
2041-11-30,10177409.5,6.0,227.0,-1.0,58.79583333333333,156.925,13.190833333333332,270.125,2.39,0.0
2041-12-01,10184075.75,,,,,,,,,
2041-12-31,10184075.75,0.0,228.0,-1.0,55.4725,187.6208333333333,12.160833333333334,256.33666666666664,3.8408333333333338,3.0
2042-01-01,10190742.0,,,,,,,,,
2042-01-31,10190742.0,1.0,229.0,-1.0,52.969166666666666,188.50625,9.534166666666666,205.2441666666667,1.7175,0.0
2042-02-01,10197307.083333334,,,,,,,,,
2042-02-28,10197307.083333334,2.0,230.0,-1.0,71.4675,156.78958333333335,9.89,162.6475,1.5025000000000002,0.0
2042-03-01,10203872.166666666,,,,,,,,,
2042-03-31,10203872.166666666,3.0,231.0,-1.0,59.98916666666667,179.39374999999998,16.013125,237.85687500000003,2.704166666666667,1.0
2042-04-01,10210437.25,,,,,,,,,
2042-04-30,10210437.25,4.0,232.0,-1.0,47.58166666666667,195.61875,11.321666666666667,239.305,2.705833333333333,1.0
2042-05-01,10217002.333333334,,,,,,,,,
2042-05-31,10217002.333333334,5.0,233.0,-1.0,56.31875,158.71041666666665,9.797083333333331,253.18770833333332,3.3702083333333337,0.0
2042-06-01,10223567.416666666,,,,,,,,,
2042-06-30,10223567.416666666,6.0,234.0,-1.0,59.63583333333333,190.87291666666667,10.458333333333334,166.69500000000002,1.6766666666666667,0.0
2042-07-01,10230132.5,,,,,,,,,
2042-07-31,10230132.5,0.0,235.0,-1.0,74.24083333333333,78.98541666666667,10.5975,181.96416666666667,1.2466666666666666,0.0
2042-08-01,10236697.583333334,,,,,,,,,
2042-08-31,10236697.583333334,1.0,236.0,-1.0,54.010625000000005,197.60625,12.204583333333334,261.74208333333337,3.01125,0.0
2042-09-01,10243262.666666666,,,,,,,,,
2042-09-30,10243262.666666666,2.0,237.0,-1.0,42.185833333333335,202.16458333333333,11.260416666666666,259.059375,3.4589583333333334,0.0
2042-10-01,10249827.75,,,,,,,,,
2042-10-31,10249827.75,3.0,238.0,-1.0,50.333333333333336,175.98541666666665,11.104166666666666,295.39916666666664,3.6341666666666663,0.0
2042-11-01,10256392.833333334,,,,,,,,,
2042-11-30,10256392.833333334,4.0,239.0,-1.0,54.35083333333333,136.99583333333334,11.585,271.885,3.1741666666666664,0.0
2042-12-01,10262957.916666666,,,,,,,,,
2042-12-31,10262957.916666666,5.0,240.0,-1.0,58.1375,210.50208333333333,10.214166666666666,205.4675,1.9283333333333332,0.0
2043-01-01,10269523.0,,,,,,,,,
2043-01-31,10269523.0,6.0,241.0,0.0,69.94833333333334,196.8875,10.485,178.01,1.4991666666666663,0.0
2043-02-01,10275983.833333334,,,,,,,,,
2043-02-28,10275983.833333334,0.0,242.0,0.0,74.01,154.57083333333333,12.200833333333334,162.6675,1.211666666666667,0.0
2043-03-01,10282444.666666666,,,,,,,,,
2043-03-31,10282444.666666666,1.0,243.0,-1.0,70.29416666666667,199.95833333333331,13.93,173.2408333333333,1.2,0.0
2043-04-01,10288905.5,,,,,,,,,
2043-04-30,10288905.5,2.0,244.0,-1.0,59.46833333333333,123.49375,15.969166666666666,220.0283333333333,1.4433333333333334,0.0
2043-05-01,10295366.333333334,,,,,,,,,
2043-05-31,10295366.333333334,3.0,245.0,-1.0,82.82416666666667,52.45,14.684583333333334,161.78625,1.418958333333333,1.2
2043-06-01,10301827.166666666,,,,,,,,,
2043-06-30,10301827.166666666,4.0,246.0,-1.0,86.73375,50.04166666666666,12.135625,153.70333333333335,1.6004166666666668,3.0
2043-07-01,10308288.0,,,,,,,,,
2043-07-31,10308288.0,5.0,247.0,-1.0,89.04916666666666,33.65,14.745833333333332,145.68083333333334,2.06,5.9
2043-08-01,10314748.833333334,,,,,,,,,
2043-08-31,10314748.833333334,6.0,248.0,-1.0,48.373125,227.84583333333333,16.146874999999998,281.393125,4.490833333333334,0.5
2043-09-01,10321209.666666666,,,,,,,,,
2043-09-30,10321209.666666666,0.0,249.0,-1.0,54.98083333333333,211.6,12.62,253.45666666666668,2.325,0.0
2043-10-01,10327670.5,,,,,,,,,
2043-10-31,10327670.5,1.0,250.0,-1.0,68.24499999999999,188.9020833333333,10.018333333333333,207.12583333333336,1.895,0.0
2043-11-01,10334131.333333334,,,,,,,,,
2043-11-30,10334131.333333334,2.0,251.0,-1.0,70.89833333333333,225.55416666666667,10.0475,184.71916666666667,1.3766666666666667,1.0
2043-12-01,10340592.166666666,,,,,,,,,
2043-12-31,10340592.166666666,3.0,252.0,-1.0,84.49916666666667,96.18333333333334,10.8925,182.21833333333333,1.0916666666666666,0.0
2044-01-01,10347053.0,,,,,,,,,
2044-01-31,10347053.0,4.0,253.0,-1.0,71.64666666666666,143.90833333333333,13.384166666666667,247.6733333333333,2.728333333333333,3.0
2044-02-01,10353407.666666666,,,,,,,,,
2044-02-29,10353407.666666666,5.0,254.0,-1.0,55.22,241.56041666666667,12.9425,220.5225,2.058333333333333,1.5
2044-03-01,10359762.333333334,,,,,,,,,
2044-03-31,10359762.333333334,6.0,255.0,-1.0,70.81916666666667,219.73958333333331,12.232500000000002,175.6233333333333,1.5058333333333334,0.0
2044-04-01,10366117.0,,,,,,,,,
2044-04-30,10366117.0,0.0,256.0,-1.0,58.09916666666667,186.42708333333331,15.419166666666667,244.65583333333333,1.9416666666666669,0.0
2044-05-01,10372471.666666666,,,,,,,,,
2044-05-31,10372471.666666666,1.0,257.0,-1.0,84.82166666666667,44.27708333333334,12.994166666666668,171.82333333333335,1.9350000000000005,0.0
2044-06-01,10378826.333333334,,,,,,,,,
2044-06-30,10378826.333333334,2.0,258.0,-1.0,59.975,237.95416666666665,14.229166666666666,245.0525,3.438333333333334,29.2
2044-07-01,10385181.0,,,,,,,,,
2044-07-31,10385181.0,3.0,259.0,-1.0,46.45916666666667,231.01666666666668,12.925833333333337,261.3516666666667,4.0616666666666665,0.0
2044-08-01,10391535.666666666,,,,,,,,,
2044-08-31,10391535.666666666,4.0,260.0,-1.0,47.00833333333333,254.60833333333332,12.235833333333332,230.04166666666663,2.1008333333333336,0.0
2044-09-01,10397890.333333334,,,,,,,,,
2044-09-30,10397890.333333334,5.0,261.0,-1.0,56.406666666666666,257.4479166666667,12.6975,223.7433333333333,2.2133333333333334,0.0
2044-10-01,10404245.0,,,,,,,,,
2044-10-31,10404245.0,6.0,262.0,-1.0,70.0225,180.11875,12.330833333333333,151.58,1.5566666666666666,0.0
2044-11-01,10410599.666666666,,,,,,,,,
2044-11-30,10410599.666666666,0.0,263.0,-1.0,75.63083333333334,224.70625,13.371666666666668,161.5091666666667,1.85,0.0
2044-12-01,10416954.333333334,,,,,,,,,
2044-12-31,10416954.333333334,1.0,264.0,-1.0,74.45583333333333,242.17291666666665,14.605,183.005,2.0016666666666665,0.0
2045-01-01,10423309.0,,,,,,,,,
2045-01-31,10423309.0,2.0,265.0,-1.0,74.89916666666667,209.21875,14.8125,172.9225,1.5,1.0
2045-02-01,10429553.916666666,,,,,,,,,
2045-02-28,10429553.916666666,3.0,266.0,-1.0,77.98833333333333,112.44583333333334,14.336666666666666,135.35083333333333,1.7266666666666666,0.0
2045-03-01,10435798.833333334,,,,,,,,,
2045-03-31,10435798.833333334,4.0,267.0,-1.0,69.02,258.05625000000003,16.778333333333332,218.4183333333333,1.0741666666666667,0.0
2045-04-01,10442043.75,,,,,,,,,
2045-04-30,10442043.75,5.0,268.0,-1.0,53.15583333333333,222.22916666666663,16.171666666666667,236.57333333333332,1.6558333333333335,0.0
2045-05-01,10448288.666666666,,,,,,,,,
2045-05-31,10448288.666666666,6.0,269.0,-1.0,58.446666666666665,249.31875,15.839166666666666,140.725,1.4791666666666667,0.0
2045-06-01,10454533.583333334,,,,,,,,,
2045-06-30,10454533.583333334,0.0,270.0,-1.0,58.064166666666665,164.84583333333333,17.195,242.9375,1.9366666666666668,0.0
2045-07-01,10460778.5,,,,,,,,,
2045-07-31,10460778.5,1.0,271.0,-1.0,45.4825,262.8541666666667,16.87666666666667,251.09416666666667,2.3891666666666667,0.0
2045-08-01,10467023.416666666,,,,,,,,,
2045-08-31,10467023.416666666,2.0,272.0,-1.0,53.7925,239.96875,11.935833333333331,202.76083333333332,3.0075000000000003,0.0
2045-09-01,10473268.333333334,,,,,,,,,
2045-09-30,10473268.333333334,3.0,273.0,-1.0,63.94583333333333,283.43333333333334,10.565,199.8058333333333,1.3858333333333333,3.6
2045-10-01,10479513.25,,,,,,,,,
2045-10-31,10479513.25,4.0,274.0,-1.0,71.37583333333333,106.39166666666668,11.76,145.875,1.3716666666666668,0.0
2045-11-01,10485758.166666666,,,,,,,,,
2045-11-30,10485758.166666666,5.0,275.0,-1.0,86.52499999999999,93.77291666666667,13.364166666666668,155.82,1.0766666666666669,0.5
2045-12-01,10492003.083333334,,,,,,,,,
2045-12-31,10492003.083333334,6.0,276.0,-1.0,92.1075,80.9125,14.5025,116.75833333333333,2.194166666666667,12.1
2046-01-01,10498248.0,,,,,,,,,
2046-01-31,10498248.0,0.0,277.0,-1.0,86.46749999999999,103.81041666666664,15.989166666666668,104.11166666666666,1.7358333333333331,14.4
2046-02-01,10504381.083333334,,,,,,,,,
2046-02-28,10504381.083333334,1.0,278.0,-1.0,82.08416666666666,190.11458333333331,17.852500000000003,153.36166666666665,1.1791666666666667,2.0
2046-03-01,10510514.166666666,,,,,,,,,
2046-03-31,10510514.166666666,2.0,279.0,-1.0,85.54333333333334,144.83958333333334,17.51666666666667,111.91666666666669,1.3075,0.0
2046-04-01,10516647.25,,,,,,,,,
2046-04-30,10516647.25,3.0,280.0,-1.0,80.2075,162.59375,15.885833333333332,170.965,1.8791666666666669,0.0
2046-05-01,10522780.333333334,,,,,,,,,
2046-05-31,10522780.333333334,4.0,281.0,-1.0,72.07666666666667,255.34166666666667,14.858333333333334,166.65166666666667,1.6366666666666667,0.0
2046-06-01,10528913.416666666,,,,,,,,,
2046-06-30,10528913.416666666,5.0,282.0,-1.0,73.4975,89.28333333333335,14.601666666666668,115.58,1.1941666666666666,0.0
2046-07-01,10535046.5,,,,,,,,,
2046-07-31,10535046.5,6.0,283.0,-1.0,72.99916666666667,210.2458333333333,14.966666666666669,148.58666666666667,2.7325,3.0
2046-08-01,10541179.583333334,,,,,,,,,
2046-08-31,10541179.583333334,0.0,284.0,-1.0,77.56583333333333,146.43333333333334,16.1225,92.57083333333333,2.3216666666666668,3.0
2046-09-01,10547312.666666666,,,,,,,,,
2046-09-30,10547312.666666666,1.0,285.0,-1.0,78.9275,203.0770833333333,17.028333333333332,90.085,1.590833333333333,0.9
2046-10-01,10553445.75,,,,,,,,,
2046-10-31,10553445.75,2.0,286.0,0.0,82.86,163.03541666666666,17.569166666666668,185.5608333333333,0.8716666666666666,0.0
2046-11-01,10559578.833333334,,,,,,,,,
2046-11-30,10559578.833333334,3.0,287.0,-1.0,70.69,233.20625,20.374166666666667,190.03583333333333,1.6033333333333335,4.0
2046-12-01,10565711.916666666,,,,,,,,,
2046-12-31,10565711.916666666,4.0,288.0,-1.0,77.99083333333333,89.00416666666666,18.6975,137.30916666666667,3.4466666666666668,0.0
2047-01-01,10571845.0,,,,,,,,,
2047-01-31,10571845.0,5.0,289.0,-1.0,45.619166666666665,284.46458333333334,11.629166666666668,266.83250000000004,5.6883333333333335,1.1
2047-02-01,10577867.666666666,,,,,,,,,
2047-02-28,10577867.666666666,6.0,290.0,-1.0,49.84583333333333,313.175,14.006666666666668,243.08916666666667,2.845833333333333,0.0
2047-03-01,10583890.333333334,,,,,,,,,
2047-03-31,10583890.333333334,0.0,291.0,-1.0,51.98,320.93333333333334,15.065,242.11166666666668,2.8525,0.0
2047-04-01,10589913.0,,,,,,,,,
2047-04-30,10589913.0,1.0,292.0,-1.0,70.5325,65.19166666666666,12.599166666666669,174.83583333333334,1.625,2.0
2047-05-01,10595935.666666666,,,,,,,,,
2047-05-31,10595935.666666666,2.0,293.0,-1.0,69.46,305.99375,15.474166666666669,137.45583333333337,1.6141666666666667,0.0
2047-06-01,10601958.333333334,,,,,,,,,
2047-06-30,10601958.333333334,3.0,294.0,-1.0,74.60375,282.51875,16.151666666666667,120.23458333333332,1.8012500000000002,0.0
2047-07-01,10607981.0,,,,,,,,,
2047-07-31,10607981.0,4.0,295.0,-1.0,69.94229166666666,284.56666666666666,18.68854166666667,137.4775,1.1654166666666668,0.0
2047-08-01,10614003.666666666,,,,,,,,,
2047-08-31,10614003.666666666,5.0,296.0,-1.0,71.12541666666667,192.4104166666667,18.414166666666667,209.60416666666663,1.4027083333333332,0.0
2047-09-01,10620026.333333334,,,,,,,,,
2047-09-30,10620026.333333334,6.0,297.0,-1.0,88.57083333333333,50.64166666666667,12.709166666666668,208.7591666666667,2.174166666666667,27.75
2047-10-01,10626049.0,,,,,,,,,
2047-10-31,10626049.0,0.0,298.0,-1.0,72.96333333333332,184.4875,15.072708333333331,195.42625,2.3764583333333333,10.2
2047-11-01,10632071.666666666,,,,,,,,,
2047-11-30,10632071.666666666,1.0,299.0,0.0,61.355,283.8583333333333,17.424166666666668,214.75333333333333,1.3208333333333333,0.0
2047-12-01,10638094.333333334,,,,,,,,,
2047-12-31,10638094.333333334,2.0,300.0,0.0,69.90666666666667,241.60208333333333,16.1625,169.04166666666666,1.8116666666666663,0.0
2048-01-01,10644117.0,,,,,,,,,
2048-01-31,10644117.0,3.0,301.0,0.0,78.045,107.93333333333334,15.108333333333333,149.30208333333334,1.6097916666666665,1.2
2048-02-01,10650028.166666666,,,,,,,,,
2048-02-29,10650028.166666666,4.0,302.0,0.0,79.1575,97.51458333333332,15.585833333333332,124.25416666666666,1.3091666666666668,0.0
2048-03-01,10655939.333333334,,,,,,,,,
2048-03-31,10655939.333333334,5.0,303.0,-1.0,75.96416666666667,278.16875,19.616666666666667,103.19083333333332,1.590833333333333,0.0
2048-04-01,10661850.5,,,,,,,,,
2048-04-30,10661850.5,6.0,304.0,-1.0,70.72083333333333,227.36041666666665,21.727500000000003,172.66750000000002,1.5833333333333333,0.0
2048-05-01,10667761.666666666,,,,,,,,,
2048-05-31,10667761.666666666,0.0,305.0,-1.0,76.29979166666666,117.36666666666667,16.266041666666666,184.48875,2.401666666666667,2.5
2048-06-01,10673672.833333334,,,,,,,,,
2048-06-30,10673672.833333334,1.0,306.0,-1.0,74.31750000000001,199.10625,13.721666666666666,226.4820833333333,2.976875,37.5
2048-07-01,10679584.0,,,,,,,,,
2048-07-31,10679584.0,2.0,307.0,-1.0,71.30583333333334,312.95416666666665,15.145,190.54583333333332,2.2416666666666667,0.0
2048-08-01,10685495.166666666,,,,,,,,,
2048-08-31,10685495.166666666,3.0,308.0,-1.0,79.41416666666667,108.93333333333334,13.243333333333332,161.20416666666668,2.2658333333333336,1.8
2048-09-01,10691406.333333334,,,,,,,,,
2048-09-30,10691406.333333334,4.0,309.0,-1.0,70.41416666666667,178.72083333333333,13.455,165.9675,2.5500000000000003,9.0
2048-10-01,10697317.5,,,,,,,,,
2048-10-31,10697317.5,5.0,310.0,-1.0,81.63916666666667,102.03958333333333,13.484166666666669,166.7875,1.9,28.0
2048-11-01,10703228.666666666,,,,,,,,,
2048-11-30,10703228.666666666,6.0,311.0,-1.0,77.095,291.8354166666667,16.396666666666665,134.74,1.65,5.4
2048-12-01,10709139.833333334,,,,,,,,,
2048-12-31,10709139.833333334,0.0,312.0,-1.0,77.98458333333333,258.97083333333336,19.046875,162.61395833333333,1.4004166666666666,0.0
2049-01-01,10715051.0,,,,,,,,,
2049-01-31,10715051.0,1.0,313.0,0.0,80.94500000000001,196.21875,18.88,138.60833333333332,1.5025000000000002,7.0
2049-02-01,10720851.5,,,,,,,,,
2049-02-28,10720851.5,2.0,314.0,0.0,79.245,226.10208333333333,20.53125,165.20666666666668,1.102291666666667,0.0
2049-03-01,10726652.0,,,,,,,,,
2049-03-31,10726652.0,3.0,315.0,0.0,70.00145833333333,268.6958333333333,21.82020833333333,161.69916666666668,1.375,17.0
2049-04-01,10732452.5,,,,,,,,,
2049-04-30,10732452.5,4.0,316.0,-1.0,64.76208333333334,337.25625,22.967916666666667,142.495625,1.6864583333333334,0.0
2049-05-01,10738253.0,,,,,,,,,
2049-05-31,10738253.0,5.0,317.0,-1.0,68.70916666666666,251.2,23.973333333333333,157.70166666666668,1.294166666666667,0.0
2049-06-01,10744053.5,,,,,,,,,
2049-06-30,10744053.5,6.0,318.0,-1.0,64.20666666666666,271.2875,25.75,180.52083333333331,1.7891666666666666,0.0
2049-07-01,10749854.0,,,,,,,,,
2049-07-31,10749854.0,0.0,319.0,-1.0,89.1175,48.64375,19.39333333333333,164.4547916666667,1.205833333333333,0.0
2049-08-01,10755654.5,,,,,,,,,
2049-08-31,10755654.5,1.0,320.0,-1.0,77.51270833333334,316.4208333333333,18.960625,158.28125,1.8672916666666668,22.0
2049-09-01,10761455.0,,,,,,,,,
2049-09-30,10761455.0,2.0,321.0,-1.0,78.84,175.23541666666665,17.125,110.09166666666668,1.6425,0.8
2049-10-01,10767255.5,,,,,,,,,
2049-10-31,10767255.5,3.0,322.0,0.0,73.66604166666666,305.3645833333333,19.28625,139.54104166666667,1.4106249999999998,0.0
2049-11-01,10773056.0,,,,,,,,,
2049-11-30,10773056.0,4.0,323.0,-1.0,73.84104166666667,75.88541666666667,15.531041666666669,172.069375,2.752916666666667,0.0
2049-12-01,10778856.5,,,,,,,,,
2049-12-31,10778856.5,5.0,324.0,-1.0,67.34416666666667,363.15625,16.729166666666668,129.45416666666668,1.5233333333333334,0.0
2050-01-01,10784657.0,,,,,,,,,
2050-01-31,10784657.0,6.0,325.0,-1.0,70.98833333333333,357.9041666666667,17.738333333333333,120.4025,1.6175,0.0
2050-02-01,10790351.25,,,,,,,,,
2050-02-28,10790351.25,0.0,326.0,-1.0,71.69333333333334,290.05625000000003,18.460833333333333,114.53916666666667,1.8558333333333337,0.0
2050-03-01,10796045.5,,,,,,,,,
2050-03-31,10796045.5,1.0,327.0,-1.0,69.91083333333333,320.46875,18.866666666666667,94.73083333333334,2.0083333333333333,0.0
2050-04-01,10801739.75,,,,,,,,,
2050-04-30,10801739.75,2.0,328.0,-1.0,70.25416666666668,354.96875,20.31,114.9925,1.643333333333333,0.0
2050-05-01,10807434.0,,,,,,,,,
2050-05-31,10807434.0,3.0,329.0,-1.0,64.64645833333334,331.09791666666666,22.379375,121.78583333333334,1.3931250000000002,0.0
2050-06-01,10813128.25,,,,,,,,,
2050-06-30,10813128.25,4.0,330.0,0.0,65.14083333333333,255.20833333333331,21.825,157.49166666666667,1.5650000000000002,0.0
2050-07-01,10818822.5,,,,,,,,,
2050-07-31,10818822.5,5.0,331.0,-1.0,71.04166666666667,294.28333333333336,21.558333333333334,132.20333333333335,1.9875,0.0
2050-08-01,10824516.75,,,,,,,,,
2050-08-31,10824516.75,6.0,332.0,-1.0,87.53083333333332,81.93541666666667,18.805833333333336,132.57000000000002,1.16,0.0
2050-09-01,10830211.0,,,,,,,,,
2050-09-30,10830211.0,0.0,333.0,-1.0,87.77333333333333,58.0125,16.7,193.29,2.670833333333333,6.0
2050-10-01,10835905.25,,,,,,,,,
2050-10-31,10835905.25,1.0,334.0,-1.0,89.78166666666668,69.92083333333333,17.62,157.08666666666667,2.0975,8.0
2050-11-01,10841599.5,,,,,,,,,
2050-11-30,10841599.5,2.0,335.0,-1.0,93.36666666666667,67.38541666666667,17.843333333333334,91.37916666666666,2.1358333333333337,25.0
2050-12-01,10847293.75,,,,,,,,,
2050-12-31,10847293.75,3.0,336.0,-1.0,87.3125,156.24791666666667,19.683333333333334,91.1525,1.8816666666666668,27.6
2051-01-01,10852988.0,,,,,,,,,
2051-01-31,10852988.0,4.0,337.0,-1.0,81.83416666666666,131.57083333333333,20.55666666666667,111.99666666666668,1.705,0.0
2051-02-01,10858580.833333334,,,,,,,,,
2051-02-28,10858580.833333334,5.0,338.0,-1.0,84.26416666666667,141.79999999999998,20.07916666666667,125.875,1.169166666666667,0.6
2051-03-01,10864173.666666666,,,,,,,,,
2051-03-31,10864173.666666666,6.0,339.0,-1.0,82.06833333333333,183.64166666666668,20.764166666666664,161.01333333333335,1.75,0.0
2051-04-01,10869766.5,,,,,,,,,
2051-04-30,10869766.5,0.0,340.0,-1.0,82.05666666666666,167.50833333333335,20.730833333333333,121.52583333333332,1.8916666666666664,1.4
2051-05-01,10875359.333333334,,,,,,,,,
2051-05-31,10875359.333333334,1.0,341.0,-1.0,77.4275,231.81875,21.6725,78.2325,2.3725,0.0
2051-06-01,10880952.166666666,,,,,,,,,
2051-06-30,10880952.166666666,2.0,342.0,-1.0,75.23083333333334,325.09583333333336,23.1125,75.4975,2.0616666666666665,0.0
2051-07-01,10886545.0,,,,,,,,,
2051-07-31,10886545.0,3.0,343.0,-1.0,81.01666666666667,125.45,24.00333333333333,153.95416666666668,1.4808333333333332,0.0
2051-08-01,10892137.833333334,,,,,,,,,
2051-08-31,10892137.833333334,4.0,344.0,-1.0,66.10833333333333,259.12083333333334,23.56,221.32416666666663,1.528333333333333,0.4
2051-09-01,10897730.666666666,,,,,,,,,
2051-09-30,10897730.666666666,5.0,345.0,-1.0,56.355,380.92291666666665,21.011666666666667,227.84416666666667,1.8125,0.0
2051-10-01,10903323.5,,,,,,,,,
2051-10-31,10903323.5,6.0,346.0,-1.0,51.84,361.4354166666667,21.9125,240.6625,2.069166666666667,0.0
2051-11-01,10908916.333333334,,,,,,,,,
2051-11-30,10908916.333333334,0.0,347.0,-1.0,68.87604166666667,347.3333333333333,19.575416666666666,167.26666666666668,2.129166666666667,0.0
2051-12-01,10914509.166666666,,,,,,,,,
2051-12-31,10914509.166666666,1.0,348.0,-1.0,73.7625,222.92291666666665,20.4725,151.32583333333335,1.7558333333333334,0.0
2052-01-01,10920102.0,,,,,,,,,
2052-01-31,10920102.0,2.0,349.0,-1.0,75.38833333333334,319.4916666666667,22.245833333333334,132.52166666666668,1.6283333333333332,0.0
2052-02-01,10925601.25,,,,,,,,,
2052-02-29,10925601.25,3.0,350.0,-1.0,81.4075,160.06875,20.539166666666667,159.82416666666668,1.61,0.0
2052-03-01,10931100.5,,,,,,,,,
2052-03-31,10931100.5,4.0,351.0,-1.0,65.8575,189.18125,19.53333333333333,244.215,1.6291666666666669,3.0
2052-04-01,10936599.75,,,,,,,,,
2052-04-30,10936599.75,5.0,352.0,-1.0,59.01416666666666,152.01250000000002,18.561666666666667,220.385,2.125833333333333,0.0
2052-05-01,10942099.0,,,,,,,,,
2052-05-31,10942099.0,6.0,353.0,-1.0,75.3575,190.33541666666667,16.471666666666668,197.22333333333333,1.9666666666666668,0.0
2052-06-01,10947598.25,,,,,,,,,
2052-06-30,10947598.25,0.0,354.0,-1.0,50.48833333333334,351.7375,15.154166666666669,263.37833333333333,4.970833333333333,5.2
2052-07-01,10953097.5,,,,,,,,,
2052-07-31,10953097.5,1.0,355.0,-1.0,47.16166666666666,372.2583333333334,18.6525,241.7216666666667,2.458333333333333,0.0
2052-08-01,10958596.75,,,,,,,,,
2052-08-31,10958596.75,2.0,356.0,-1.0,68.75333333333333,302.5708333333333,18.299166666666668,158.895,2.2325,0.0
2052-09-01,10964096.0,,,,,,,,,
2052-09-30,10964096.0,3.0,357.0,-1.0,71.60666666666667,304.8333333333333,20.703333333333333,177.45416666666665,2.0558333333333336,0.0
2052-10-01,10969595.25,,,,,,,,,
2052-10-31,10969595.25,4.0,358.0,-1.0,72.41333333333334,121.58333333333331,17.782500000000002,127.6975,1.8058333333333332,0.0
2052-11-01,10975094.5,,,,,,,,,
2052-11-30,10975094.5,5.0,359.0,-1.0,68.3275,368.65,22.0175,107.08666666666666,1.6191666666666666,0.0
2052-12-01,10980593.75,,,,,,,,,
2052-12-31,10980593.75,6.0,360.0,-1.0,79.96666666666667,181.1208333333333,21.8975,231.89416666666668,1.6641666666666666,2.0
2053-01-01,10986093.0,,,,,,,,,
2053-01-31,10986093.0,0.0,361.0,-1.0,86.61833333333334,66.75833333333334,16.12666666666667,161.1175,2.066666666666667,18.2
2053-02-01,10991505.083333334,,,,,,,,,
2053-02-28,10991505.083333334,1.0,362.0,-1.0,68.12916666666666,169.47708333333335,15.720833333333331,138.5325,1.625,2.0
2053-03-01,10996917.166666666,,,,,,,,,
2053-03-31,10996917.166666666,2.0,363.0,-1.0,69.60333333333334,356.2166666666667,20.72083333333333,129.415,1.7266666666666666,0.0
2053-04-01,11002329.25,,,,,,,,,
2053-04-30,11002329.25,3.0,364.0,-1.0,71.8925,359.5208333333333,22.56583333333333,134.26083333333332,1.8275,0.0
2053-05-01,11007741.333333334,,,,,,,,,
2053-05-31,11007741.333333334,4.0,365.0,-1.0,71.44583333333334,357.65000000000003,24.273333333333337,125.43333333333334,1.5066666666666668,0.0
2053-06-01,11013153.416666666,,,,,,,,,
2053-06-30,11013153.416666666,5.0,1.0,0.0,60.70916666666667,347.1479166666666,26.094166666666663,160.415,1.3258333333333334,0.0
2053-07-01,11018565.5,,,,,,,,,
2053-07-31,11018565.5,6.0,2.0,0.0,75.37083333333334,291.3541666666667,22.06833333333333,152.74,1.8325,0.0
2053-08-01,11023977.583333334,,,,,,,,,
2053-08-31,11023977.583333334,0.0,3.0,-1.0,87.27583333333332,61.66458333333333,17.113333333333333,160.64333333333337,1.7125,6.0
2053-09-01,11029389.666666666,,,,,,,,,
2053-09-30,11029389.666666666,1.0,4.0,-1.0,76.0,111.18958333333336,17.755,172.41416666666666,1.7208333333333332,2.0
2053-10-01,11034801.75,,,,,,,,,
2053-10-31,11034801.75,2.0,5.0,-1.0,74.7975,206.81875,18.816666666666663,157.80666666666667,1.3775000000000002,0.0
2053-11-01,11040213.833333334,,,,,,,,,
2053-11-30,11040213.833333334,3.0,6.0,-1.0,71.14291666666666,263.1041666666667,19.922916666666666,168.64291666666668,2.106666666666667,0.0
2053-12-01,11045625.916666666,,,,,,,,,
2053-12-31,11045625.916666666,4.0,7.0,-1.0,83.44083333333333,170.25625,20.269166666666667,148.51666666666668,2.075,8.4
2054-01-01,11051038.0,,,,,,,,,
2054-01-31,11051038.0,5.0,8.0,-1.0,77.34666666666666,247.45833333333331,22.44833333333333,108.66625,1.893541666666667,3.0
2054-02-01,11056372.166666666,,,,,,,,,
2054-02-28,11056372.166666666,6.0,9.0,-1.0,83.56583333333333,167.54166666666666,22.355,138.44833333333332,2.4841666666666664,10.0
2054-03-01,11061706.333333334,,,,,,,,,
2054-03-31,11061706.333333334,0.0,10.0,-1.0,83.3475,179.6208333333333,21.9225,95.20333333333332,2.8125,8.5
2054-04-01,11067040.5,,,,,,,,,
2054-04-30,11067040.5,1.0,11.0,-1.0,88.40333333333332,78.59375,21.35833333333333,89.54583333333333,2.43,4.2
2054-05-01,11072374.666666666,,,,,,,,,
2054-05-31,11072374.666666666,2.0,12.0,-1.0,83.11749999999999,134.12916666666666,23.388333333333332,67.57666666666667,2.4233333333333333,5.8
2054-06-01,11077708.833333334,,,,,,,,,
2054-06-30,11077708.833333334,3.0,13.0,-1.0,73.12166666666667,188.75833333333333,23.44833333333333,66.04583333333333,2.825833333333333,0.0
2054-07-01,11083043.0,,,,,,,,,
2054-07-31,11083043.0,4.0,14.0,-1.0,70.46833333333333,260.24791666666664,23.629166666666663,80.49249999999999,2.1125000000000003,0.0
2054-08-01,11088377.166666666,,,,,,,,,
2054-08-31,11088377.166666666,5.0,15.0,-1.0,80.03333333333333,184.28958333333333,23.47666666666667,163.05333333333334,1.2633333333333334,0.0
2054-09-01,11093711.333333334,,,,,,,,,
2054-09-30,11093711.333333334,6.0,16.0,-1.0,74.13416666666667,291.09583333333336,24.278333333333336,119.75916666666666,1.586666666666667,0.0
2054-10-01,11099045.5,,,,,,,,,
2054-10-31,11099045.5,0.0,17.0,-1.0,75.24666666666667,318.4479166666667,23.036666666666665,158.83333333333334,2.0383333333333336,0.0
2054-11-01,11104379.666666666,,,,,,,,,
2054-11-30,11104379.666666666,1.0,18.0,-1.0,73.11333333333333,244.8395833333333,20.375833333333333,147.02416666666667,2.2566666666666664,0.0
2054-12-01,11109713.833333334,,,,,,,,,
2054-12-31,11109713.833333334,2.0,19.0,-1.0,80.75333333333333,156.13125,20.8325,124.83833333333332,2.0416666666666665,4.0
2055-01-01,11115048.0,,,,,,,,,
2055-01-31,11115048.0,3.0,20.0,-1.0,69.6275,279.15625,22.492500000000003,97.55666666666669,2.3316666666666666,0.0
2055-02-01,11120309.666666666,,,,,,,,,
2055-02-28,11120309.666666666,4.0,21.0,-1.0,67.86583333333333,348.7645833333333,23.175833333333333,128.64333333333337,1.6266666666666667,0.8
2055-03-01,11125571.333333334,,,,,,,,,
2055-03-31,11125571.333333334,5.0,22.0,0.0,64.79666666666667,335.01875,23.0975,111.385,1.6416666666666666,0.0
2055-04-01,11130833.0,,,,,,,,,
2055-04-30,11130833.0,6.0,23.0,-1.0,65.5275,302.1041666666667,23.1975,129.48166666666663,1.9025,0.0
2055-05-01,11136094.666666666,,,,,,,,,
2055-05-31,11136094.666666666,0.0,24.0,-1.0,66.84666666666666,173.85208333333333,24.22,194.864375,1.949375,0.0
2055-06-01,11141356.333333334,,,,,,,,,
2055-06-30,11141356.333333334,1.0,25.0,-1.0,67.28333333333333,317.47083333333336,24.824166666666667,183.94083333333333,1.7033333333333334,0.0
2055-07-01,11146618.0,,,,,,,,,
2055-07-31,11146618.0,2.0,26.0,0.0,73.875,235.40625,26.535833333333333,163.95083333333335,1.6108333333333336,0.0
2055-08-01,11151879.666666666,,,,,,,,,
2055-08-31,11151879.666666666,3.0,27.0,0.0,73.875,302.9895833333333,25.8375,158.86333333333334,1.8683333333333332,0.0
2055-09-01,11157141.333333334,,,,,,,,,
2055-09-30,11157141.333333334,4.0,28.0,-1.0,71.02583333333332,208.25208333333333,21.05666666666667,151.6341666666667,2.3725,0.0
2055-10-01,11162403.0,,,,,,,,,
2055-10-31,11162403.0,5.0,29.0,-1.0,69.46520833333334,198.55416666666667,19.72395833333333,126.79291666666666,1.711666666666667,0.0
2055-11-01,11167664.666666666,,,,,,,,,
2055-11-30,11167664.666666666,6.0,30.0,-1.0,60.2525,347.6083333333333,23.48583333333333,150.89083333333335,1.3291666666666668,0.0
2055-12-01,11172926.333333334,,,,,,,,,
2055-12-31,11172926.333333334,0.0,31.0,-1.0,49.03,338.66041666666666,28.07333333333333,156.49916666666667,1.4375,0.0
2056-01-01,11178188.0,,,,,,,,,
2056-01-31,11178188.0,1.0,32.0,-1.0,45.12166666666667,335.1875,29.76833333333333,247.93166666666664,1.8766666666666667,0.0
2056-02-01,11183383.5,,,,,,,,,
2056-02-29,11183383.5,2.0,33.0,-1.0,52.767500000000005,299.8833333333333,29.389166666666668,120.77333333333333,1.8625,0.0
2056-03-01,11188579.0,,,,,,,,,
2056-03-31,11188579.0,3.0,34.0,-1.0,69.26666666666667,218.6625,27.4275,191.26,1.905,0.0
2056-04-01,11193774.5,,,,,,,,,
2056-04-30,11193774.5,4.0,35.0,-1.0,71.65166666666666,270.20625,26.99416666666667,126.565,1.6975,0.0
2056-05-01,11198970.0,,,,,,,,,
2056-05-31,11198970.0,5.0,36.0,-1.0,54.12166666666667,305.2333333333333,30.63,272.60083333333336,2.6966666666666668,0.0
2056-06-01,11204165.5,,,,,,,,,
2056-06-30,11204165.5,6.0,37.0,-1.0,64.89583333333333,118.55,22.8175,216.68416666666667,2.7758333333333334,0.1
2056-07-01,11209361.0,,,,,,,,,
2056-07-31,11209361.0,0.0,38.0,0.0,64.32708333333333,136.33125,18.019583333333333,150.89479166666666,1.5425000000000002,1.0
2056-08-01,11214556.5,,,,,,,,,
2056-08-31,11214556.5,1.0,39.0,0.0,70.235,250.14166666666665,19.173333333333336,162.67937500000002,1.8335416666666668,0.0
2056-09-01,11219752.0,,,,,,,,,
2056-09-30,11219752.0,2.0,40.0,-1.0,72.0225,197.92291666666665,19.508333333333336,148.08,1.8452083333333336,0.0
2056-10-01,11224947.5,,,,,,,,,
2056-10-31,11224947.5,3.0,41.0,-1.0,75.98937500000001,224.64583333333331,20.926458333333333,115.55375,1.418125,0.0
2056-11-01,11230143.0,,,,,,,,,
2056-11-30,11230143.0,4.0,42.0,-1.0,67.76770833333333,231.27708333333337,24.30125,204.39458333333332,1.495,0.0
2056-12-01,11235338.5,,,,,,,,,
2056-12-31,11235338.5,5.0,43.0,-1.0,88.58833333333332,41.25208333333333,20.238333333333333,198.12583333333336,1.4691666666666665,1.1
2057-01-01,11240534.0,,,,,,,,,
2057-01-31,11240534.0,6.0,44.0,-1.0,86.03416666666668,58.67083333333334,19.02583333333333,188.89,1.659166666666667,8.1
2057-02-01,11245668.583333334,,,,,,,,,
2057-02-28,11245668.583333334,0.0,45.0,-1.0,74.0975,70.3,18.90083333333333,172.0225,2.1025,0.0
2057-03-01,11250803.166666666,,,,,,,,,
2057-03-31,11250803.166666666,1.0,46.0,-1.0,80.02520833333334,92.17083333333332,18.45958333333333,166.42833333333334,1.7283333333333335,0.0
2057-04-01,11255937.75,,,,,,,,,
2057-04-30,11255937.75,2.0,47.0,-1.0,79.41333333333334,143.64791666666667,20.875,172.14833333333334,1.3141666666666667,1.3
2057-05-01,11261072.333333334,,,,,,,,,
2057-05-31,11261072.333333334,3.0,48.0,-1.0,78.46958333333333,200.89791666666667,23.8075,191.11395833333336,0.9529166666666667,0.0
2057-06-01,11266206.916666666,,,,,,,,,
2057-06-30,11266206.916666666,4.0,49.0,-1.0,82.23416666666667,102.86666666666667,22.3775,149.6675,1.5883333333333336,2.0
2057-07-01,11271341.5,,,,,,,,,
2057-07-31,11271341.5,5.0,50.0,-1.0,68.26083333333334,243.3125,26.725,185.0883333333333,1.6891666666666667,0.0
2057-08-01,11276476.083333334,,,,,,,,,
2057-08-31,11276476.083333334,6.0,51.0,-1.0,53.91666666666666,248.74791666666667,27.91416666666667,220.6108333333333,1.88,0.0
2057-09-01,11281610.666666666,,,,,,,,,
2057-09-30,11281610.666666666,0.0,52.0,0.0,70.34666666666666,211.78541666666663,20.166666666666668,150.7875,2.3608333333333333,0.2
2057-10-01,11286745.25,,,,,,,,,
2057-10-31,11286745.25,1.0,53.0,-1.0,64.2925,211.18958333333333,17.732499999999998,164.76333333333335,2.495833333333333,0.0
2057-11-01,11291879.833333334,,,,,,,,,
2057-11-30,11291879.833333334,2.0,54.0,-1.0,72.14083333333333,226.40416666666667,18.49,173.24333333333334,1.784166666666667,1.0
2057-12-01,11297014.416666666,,,,,,,,,
2057-12-31,11297014.416666666,3.0,55.0,-1.0,64.69645833333333,320.0208333333333,20.295,171.49,1.4397916666666666,0.5
2058-01-01,11302149.0,,,,,,,,,
2058-01-31,11302149.0,4.0,56.0,-1.0,65.87916666666666,243.89583333333331,21.1625,151.95333333333335,1.63,0.0
2058-02-01,11307225.0,,,,,,,,,
2058-02-28,11307225.0,5.0,57.0,-1.0,68.00500000000001,288.9479166666667,22.9625,153.59583333333333,1.39,0.0
2058-03-01,11312301.0,,,,,,,,,
2058-03-31,11312301.0,6.0,58.0,-1.0,73.165,116.45833333333331,22.2925,216.10416666666663,1.4633333333333332,0.0
2058-04-01,11317377.0,,,,,,,,,
2058-04-30,11317377.0,0.0,59.0,-1.0,83.12416666666667,110.41041666666666,22.0425,84.615,1.4858333333333331,0.0
2058-05-01,11322453.0,,,,,,,,,
2058-05-31,11322453.0,1.0,60.0,-1.0,66.59166666666667,128.60208333333333,23.43166666666667,229.8216666666667,2.2525,1.0
2058-06-01,11327529.0,,,,,,,,,
2058-06-30,11327529.0,2.0,61.0,-1.0,74.95270833333333,73.44583333333334,17.8025,103.66208333333331,1.7404166666666667,0.0
2058-07-01,11332605.0,,,,,,,,,
2058-07-31,11332605.0,3.0,62.0,-1.0,61.92916666666667,269.86875000000003,21.07583333333333,210.74916666666664,2.125833333333333,0.0
2058-08-01,11337681.0,,,,,,,,,
2058-08-31,11337681.0,4.0,63.0,-1.0,65.31333333333333,293.4166666666667,20.94666666666667,191.63083333333336,1.8975,0.0
2058-09-01,11342757.0,,,,,,,,,
2058-09-30,11342757.0,5.0,64.0,-1.0,73.74333333333333,114.77916666666668,16.618333333333332,155.25416666666666,2.5241666666666664,0.0
2058-10-01,11347833.0,,,,,,,,,
2058-10-31,11347833.0,6.0,65.0,0.0,62.81166666666667,190.1625,17.449166666666667,141.916875,1.8816666666666668,0.0
2058-11-01,11352909.0,,,,,,,,,
2058-11-30,11352909.0,0.0,66.0,0.0,67.44416666666666,171.26250000000002,17.974999999999998,146.03666666666666,1.5658333333333332,0.0
2058-12-01,11357985.0,,,,,,,,,
2058-12-31,11357985.0,1.0,67.0,-1.0,67.30083333333333,257.87708333333336,20.63,141.66,1.4572916666666669,0.0
2059-01-01,11363061.0,,,,,,,,,
2059-01-31,11363061.0,2.0,68.0,-1.0,64.7025,134.03541666666666,22.2925,245.7385416666667,1.2916666666666667,0.0
2059-02-01,11368081.333333334,,,,,,,,,
2059-02-28,11368081.333333334,3.0,69.0,-1.0,68.58666666666666,129.01875,22.168333333333333,204.15833333333333,1.1383333333333334,0.0
2059-03-01,11373101.666666666,,,,,,,,,
2059-03-31,11373101.666666666,4.0,70.0,-1.0,80.99916666666667,154.22083333333333,21.2675,180.13,1.5166666666666668,0.0
2059-04-01,11378122.0,,,,,,,,,
2059-04-30,11378122.0,5.0,71.0,-1.0,77.13166666666667,221.29166666666663,22.31083333333333,185.94583333333333,1.2383333333333333,4.5
2059-05-01,11383142.333333334,,,,,,,,,
2059-05-31,11383142.333333334,6.0,72.0,-1.0,74.67416666666666,234.49166666666667,23.263333333333332,173.86541666666665,1.2162499999999998,0.0
2059-06-01,11388162.666666666,,,,,,,,,
2059-06-30,11388162.666666666,0.0,73.0,-1.0,77.17833333333333,77.59791666666668,20.2375,203.74916666666664,2.1766666666666667,0.0
2059-07-01,11393183.0,,,,,,,,,
2059-07-31,11393183.0,1.0,74.0,-1.0,81.095,114.42083333333332,19.34583333333333,187.4675,1.2283333333333333,3.0
2059-08-01,11398203.333333334,,,,,,,,,
2059-08-31,11398203.333333334,2.0,75.0,-1.0,84.67166666666667,177.8791666666667,20.250833333333336,186.41666666666663,1.4408333333333332,0.1
2059-09-01,11403223.666666666,,,,,,,,,
2059-09-30,11403223.666666666,3.0,76.0,-1.0,84.205,112.74583333333334,20.101458333333333,161.31291666666667,1.5904166666666668,2.2
2059-10-01,11408244.0,,,,,,,,,
2059-10-31,11408244.0,4.0,77.0,0.0,82.28083333333333,105.725,19.28333333333333,179.42666666666665,2.063333333333333,0.0
2059-11-01,11413264.333333334,,,,,,,,,
2059-11-30,11413264.333333334,5.0,78.0,0.0,91.43916666666668,66.38541666666667,18.3375,169.3125,2.002708333333333,14.5
2059-12-01,11418284.666666666,,,,,,,,,
2059-12-31,11418284.666666666,6.0,79.0,0.0,89.92833333333334,103.56041666666664,19.07916666666667,131.51666666666668,2.4091666666666667,69.0
2060-01-01,11423305.0,,,,,,,,,
2060-01-31,11423305.0,0.0,80.0,-1.0,92.39916666666666,83.95833333333334,20.639166666666668,113.86229166666668,1.6775,111.6
2060-02-01,11428271.0,,,,,,,,,
2060-02-29,11428271.0,1.0,81.0,-1.0,79.09,205.00625,23.0225,230.125,1.038333333333333,35.0
2060-03-01,11433237.0,,,,,,,,,
2060-03-31,11433237.0,2.0,82.0,-1.0,65.42583333333333,224.56458333333333,21.65083333333333,254.9991666666667,2.4391666666666665,1.4
2060-04-01,11438203.0,,,,,,,,,
2060-04-30,11438203.0,3.0,83.0,0.0,57.3575,236.97708333333333,19.00916666666667,269.5158333333333,2.646666666666667,0.0
2060-05-01,11443169.0,,,,,,,,,
2060-05-31,11443169.0,4.0,84.0,0.0,61.23416666666666,228.9125,18.9225,241.5716666666667,2.8941666666666666,0.0
2060-06-01,11448135.0,,,,,,,,,
2060-06-30,11448135.0,5.0,85.0,-1.0,68.88916666666667,110.10208333333333,16.826666666666664,200.0016666666667,2.444375,1.0
2060-07-01,11453101.0,,,,,,,,,
2060-07-31,11453101.0,6.0,86.0,-1.0,78.01916666666666,103.20416666666668,16.309166666666666,197.54666666666665,1.7433333333333334,2.0
2060-08-01,11458067.0,,,,,,,,,
2060-08-31,11458067.0,0.0,87.0,-1.0,80.55583333333333,128.30208333333334,17.657500000000002,170.1775,1.4902083333333334,5.0
2060-09-01,11463033.0,,,,,,,,,
2060-09-30,11463033.0,1.0,88.0,-1.0,77.42666666666666,207.25625,19.24416666666667,137.67916666666667,1.5575,3.0
2060-10-01,11467999.0,,,,,,,,,
2060-10-31,11467999.0,2.0,89.0,-1.0,75.25750000000001,168.29791666666668,19.56,230.1675,1.1816666666666666,0.0
2060-11-01,11472965.0,,,,,,,,,
2060-11-30,11472965.0,3.0,90.0,-1.0,78.705,52.23125,17.161666666666665,182.09770833333332,1.9735416666666667,0.2
2060-12-01,11477931.0,,,,,,,,,
2060-12-31,11477931.0,4.0,91.0,-1.0,76.6225,150.83958333333334,17.734166666666667,180.995625,1.43375,1.0
2061-01-01,11482897.0,,,,,,,,,
2061-01-31,11482897.0,5.0,92.0,-1.0,75.325,145.42083333333335,16.525000000000002,189.18833333333336,1.9975,0.0
2061-02-01,11487810.333333334,,,,,,,,,
2061-02-28,11487810.333333334,6.0,93.0,-1.0,69.37083333333334,224.93541666666667,17.1675,219.19583333333333,1.295,0.0
2061-03-01,11492723.666666666,,,,,,,,,
2061-03-31,11492723.666666666,0.0,94.0,-1.0,69.55583333333334,199.24375,17.166666666666668,187.9475,2.174166666666667,0.0
2061-04-01,11497637.0,,,,,,,,,
2061-04-30,11497637.0,1.0,95.0,-1.0,81.84833333333333,117.72291666666666,15.621666666666668,186.79583333333332,2.120833333333333,19.0
2061-05-01,11502550.333333334,,,,,,,,,
2061-05-31,11502550.333333334,2.0,96.0,-1.0,81.93833333333333,144.91041666666666,15.990833333333336,194.10833333333332,1.92,2.0
2061-06-01,11507463.666666666,,,,,,,,,
2061-06-30,11507463.666666666,3.0,97.0,-1.0,75.54166666666667,183.22708333333333,16.096666666666668,188.48416666666665,2.0500000000000003,1.0
2061-07-01,11512377.0,,,,,,,,,
2061-07-31,11512377.0,4.0,98.0,-1.0,72.14083333333333,174.73125000000002,16.103333333333335,173.01999999999998,1.5541666666666665,0.0
2061-08-01,11517290.333333334,,,,,,,,,
2061-08-31,11517290.333333334,5.0,99.0,-1.0,70.37333333333333,218.22708333333333,17.546666666666667,162.15583333333333,1.1925,0.0
2061-09-01,11522203.666666666,,,,,,,,,
2061-09-30,11522203.666666666,6.0,100.0,-1.0,81.9325,75.88958333333333,15.4225,228.28583333333333,1.1891666666666667,0.0
2061-10-01,11527117.0,,,,,,,,,
2061-10-31,11527117.0,0.0,101.0,-1.0,61.73583333333334,207.13541666666663,14.060833333333331,252.0075,1.7708333333333333,9.8
2061-11-01,11532030.333333334,,,,,,,,,
2061-11-30,11532030.333333334,1.0,102.0,-1.0,60.0875,179.97708333333333,12.909166666666666,260.0458333333333,1.9358333333333333,0.0
2061-12-01,11536943.666666666,,,,,,,,,
2061-12-31,11536943.666666666,2.0,103.0,-1.0,55.16229166666667,150.52291666666665,15.16625,257.938125,1.856458333333333,0.0
2062-01-01,11541857.0,,,,,,,,,
2062-01-31,11541857.0,3.0,104.0,-1.0,57.32583333333334,205.20625,15.156666666666666,239.36604166666663,2.0900000000000003,0.0
2062-02-01,11546719.666666666,,,,,,,,,
2062-02-28,11546719.666666666,4.0,105.0,-1.0,65.99,142.5875,15.0075,205.04416666666663,1.945,0.0
2062-03-01,11551582.333333334,,,,,,,,,
2062-03-31,11551582.333333334,5.0,106.0,-1.0,77.78916666666667,42.5,15.3825,196.79416666666668,3.0975,48.5
2062-04-01,11556445.0,,,,,,,,,
2062-04-30,11556445.0,6.0,107.0,-1.0,73.35083333333334,143.71458333333334,15.240833333333336,194.38958333333332,2.094375,14.4
2062-05-01,11561307.666666666,,,,,,,,,
2062-05-31,11561307.666666666,0.0,108.0,0.0,72.40333333333334,198.04166666666663,15.499166666666667,198.39416666666668,1.2225,0.0
2062-06-01,11566170.333333334,,,,,,,,,
2062-06-30,11566170.333333334,1.0,109.0,0.0,72.51,166.01666666666668,15.369166666666668,219.17,1.1308333333333334,0.0
2062-07-01,11571033.0,,,,,,,,,
2062-07-31,11571033.0,2.0,110.0,0.0,76.8875,83.98958333333333,15.225833333333334,236.4675,1.245,0.0
2062-08-01,11575895.666666666,,,,,,,,,
2062-08-31,11575895.666666666,3.0,111.0,0.0,67.82666666666667,192.20625,16.934166666666666,238.67,1.836666666666667,0.0
2062-09-01,11580758.333333334,,,,,,,,,
2062-09-30,11580758.333333334,4.0,112.0,0.0,60.623333333333335,171.2770833333333,16.378333333333334,241.9908333333333,2.17,0.0
2062-10-01,11585621.0,,,,,,,,,
2062-10-31,11585621.0,5.0,113.0,0.0,73.99,65.72916666666667,14.1775,202.2133333333333,1.415,1.0
2062-11-01,11590483.666666666,,,,,,,,,
2062-11-30,11590483.666666666,6.0,114.0,0.0,80.665,130.36249999999998,15.171666666666669,189.99750000000003,1.4058333333333335,5.0
2062-12-01,11595346.333333334,,,,,,,,,
2062-12-31,11595346.333333334,0.0,115.0,0.0,86.18333333333334,45.302083333333336,15.551666666666668,208.89083333333332,1.669166666666667,16.6
2063-01-01,11600209.0,,,,,,,,,
2063-01-31,11600209.0,1.0,116.0,0.0,84.19500000000001,75.40625,15.070833333333333,185.5714583333333,2.066875,8.8
2063-02-01,11605021.083333334,,,,,,,,,
2063-02-28,11605021.083333334,2.0,117.0,0.0,77.715,105.38333333333333,14.645,183.13083333333336,2.1325,4.4
2063-03-01,11609833.166666666,,,,,,,,,
2063-03-31,11609833.166666666,3.0,118.0,0.0,79.81333333333333,111.325,15.168333333333337,194.00083333333336,2.265,34.4
2063-04-01,11614645.25,,,,,,,,,
2063-04-30,11614645.25,4.0,119.0,0.0,86.12666666666667,103.52291666666667,15.311666666666667,206.65041666666664,2.2695833333333333,5.8
2063-05-01,11619457.333333334,,,,,,,,,
2063-05-31,11619457.333333334,5.0,120.0,0.0,90.54166666666669,82.10625,15.850833333333334,195.21916666666667,1.55625,5.0
2063-06-01,11624269.416666666,,,,,,,,,
2063-06-30,11624269.416666666,6.0,121.0,0.0,80.29583333333333,145.12291666666667,15.18,196.87375,1.603125,3.9
2063-07-01,11629081.5,,,,,,,,,
2063-07-31,11629081.5,0.0,122.0,0.0,87.99833333333333,65.96666666666667,12.810833333333331,237.89666666666668,1.0683333333333334,0.0
2063-08-01,11633893.583333334,,,,,,,,,
2063-08-31,11633893.583333334,1.0,123.0,0.0,83.36833333333334,58.70208333333333,13.918333333333337,222.66083333333336,1.6041666666666667,2.0
2063-09-01,11638705.666666666,,,,,,,,,
2063-09-30,11638705.666666666,2.0,124.0,0.0,72.7475,160.59791666666666,14.2175,212.620625,2.160833333333333,0.0
2063-10-01,11643517.75,,,,,,,,,
2063-10-31,11643517.75,3.0,125.0,0.0,73.42333333333333,150.56041666666667,11.999166666666667,205.62750000000003,2.2525,0.0
2063-11-01,11648329.833333334,,,,,,,,,
2063-11-30,11648329.833333334,4.0,126.0,0.0,70.27,160.33125,11.411666666666669,205.22166666666664,1.8908333333333331,0.0
2063-12-01,11653141.916666666,,,,,,,,,
2063-12-31,11653141.916666666,5.0,127.0,0.0,74.895,157.12916666666666,11.280833333333334,207.33,1.2575,0.0
2064-01-01,11657954.0,,,,,,,,,
2064-01-31,11657954.0,6.0,128.0,0.0,67.19833333333334,160.85833333333332,11.694166666666668,220.92437500000003,1.4264583333333334,0.0
2064-02-01,11662717.166666666,,,,,,,,,
2064-02-29,11662717.166666666,0.0,129.0,0.0,68.46166666666666,99.08125,11.130833333333332,207.94083333333333,2.7258333333333336,0.0
2064-03-01,11667480.333333334,,,,,,,,,
2064-03-31,11667480.333333334,1.0,130.0,0.0,63.5525,163.1625,10.808333333333332,219.92583333333332,2.4691666666666667,1.2
2064-04-01,11672243.5,,,,,,,,,
2064-04-30,11672243.5,2.0,131.0,0.0,65.17104166666667,116.43125,8.029166666666667,241.3870833333333,2.310625,0.0
2064-05-01,11677006.666666666,,,,,,,,,
2064-05-31,11677006.666666666,3.0,132.0,0.0,56.745000000000005,160.17916666666667,9.036666666666669,243.8725,3.015,0.0
2064-06-01,11681769.833333334,,,,,,,,,
2064-06-30,11681769.833333334,4.0,133.0,0.0,61.64416666666667,128.75,12.0425,249.01833333333332,2.8408333333333338,0.0
2064-07-01,11686533.0,,,,,,,,,
2064-07-31,11686533.0,5.0,134.0,0.0,51.211666666666666,159.03125,10.880833333333332,238.6883333333333,3.126666666666667,0.0
2064-08-01,11691296.166666666,,,,,,,,,
2064-08-31,11691296.166666666,6.0,135.0,0.0,61.73416666666666,155.0,9.125833333333334,241.4275,1.544166666666667,0.0
2064-09-01,11696059.333333334,,,,,,,,,
2064-09-30,11696059.333333334,0.0,136.0,0.0,65.38333333333334,157.25,9.5525,220.9275,1.3716666666666668,0.0
2064-10-01,11700822.5,,,,,,,,,
2064-10-31,11700822.5,1.0,137.0,0.0,75.55749999999999,147.52708333333334,9.575,194.945,1.6683333333333332,0.0
2064-11-01,11705585.666666666,,,,,,,,,
2064-11-30,11705585.666666666,2.0,138.0,0.0,75.4475,148.875,10.811666666666667,183.40104166666663,1.2633333333333334,0.0
2064-12-01,11710348.833333334,,,,,,,,,
2064-12-31,11710348.833333334,3.0,139.0,0.0,81.8125,131.33541666666665,12.430833333333334,184.69916666666663,1.1472916666666666,2.0
2065-01-01,11715112.0,,,,,,,,,
2065-01-31,11715112.0,4.0,140.0,0.0,76.36583333333334,139.8,13.374166666666667,190.0,1.1175,0.0
2065-02-01,11719825.75,,,,,,,,,
2065-02-28,11719825.75,5.0,141.0,0.0,69.22833333333334,137.42291666666668,14.410833333333334,199.57375,1.1439583333333332,0.0
2065-03-01,11724539.5,,,,,,,,,
2065-03-31,11724539.5,6.0,142.0,0.0,74.36833333333333,119.43125,14.101666666666668,169.92645833333333,1.2120833333333334,0.0
2065-04-01,11729253.25,,,,,,,,,
2065-04-30,11729253.25,0.0,143.0,0.0,70.1675,114.75833333333333,15.118333333333332,279.5708333333333,2.2825,1.0
2065-05-01,11733967.0,,,,,,,,,
2065-05-31,11733967.0,1.0,144.0,0.0,72.45666666666666,85.8875,12.334166666666668,227.24,1.8625,0.0
2065-06-01,11738680.75,,,,,,,,,
2065-06-30,11738680.75,2.0,145.0,0.0,62.3025,100.75416666666666,12.135833333333332,212.79,4.3566666666666665,4.0
2065-07-01,11743394.5,,,,,,,,,
2065-07-31,11743394.5,3.0,146.0,0.0,61.54166666666666,125.68541666666668,12.509166666666664,218.910625,2.6095833333333336,5.0
2065-08-01,11748108.25,,,,,,,,,
2065-08-31,11748108.25,4.0,147.0,0.0,71.44229166666666,111.55833333333334,9.662083333333332,228.89666666666668,1.7166666666666668,0.0
2065-09-01,11752822.0,,,,,,,,,
2065-09-30,11752822.0,5.0,148.0,0.0,78.14,98.81041666666664,10.078333333333331,202.1875,1.7525000000000002,0.0
2065-10-01,11757535.75,,,,,,,,,
2065-10-31,11757535.75,6.0,149.0,0.0,82.2525,76.95416666666667,11.011666666666663,216.16166666666663,1.7474999999999998,0.0
2065-11-01,11762249.5,,,,,,,,,
2065-11-30,11762249.5,0.0,150.0,0.0,89.80416666666667,27.825000000000003,12.349166666666669,206.7158333333333,2.7258333333333336,28.0
2065-12-01,11766963.25,,,,,,,,,
2065-12-31,11766963.25,1.0,151.0,0.0,91.07166666666666,33.59166666666667,14.459166666666668,160.25083333333333,2.683958333333333,47.0
2066-01-01,11771677.0,,,,,,,,,
2066-01-31,11771677.0,2.0,152.0,0.0,85.44416666666666,73.60833333333333,14.204166666666666,171.85916666666665,2.19,5.0
2066-02-01,11776342.0,,,,,,,,,
2066-02-28,11776342.0,3.0,153.0,0.0,84.64583333333333,106.58750000000002,13.8975,187.535,1.94,1.0
2066-03-01,11781007.0,,,,,,,,,
2066-03-31,11781007.0,4.0,154.0,0.0,78.5475,125.55833333333334,12.115,241.9725,1.4366666666666668,0.0
2066-04-01,11785672.0,,,,,,,,,
2066-04-30,11785672.0,5.0,155.0,0.0,77.16250000000001,65.28750000000001,12.01,221.3325,1.1033333333333333,0.0
2066-05-01,11790337.0,,,,,,,,,
2066-05-31,11790337.0,6.0,156.0,0.0,65.70416666666667,124.19791666666669,10.668333333333337,243.025,1.6716666666666669,1.1
2066-06-01,11795002.0,,,,,,,,,
2066-06-30,11795002.0,0.0,157.0,0.0,65.425,91.98958333333331,10.1325,225.27854166666668,1.91625,0.0
2066-07-01,11799667.0,,,,,,,,,
2066-07-31,11799667.0,1.0,158.0,0.0,70.26583333333333,102.01875,6.724166666666666,256.97083333333336,1.86,0.0
2066-08-01,11804332.0,,,,,,,,,
2066-08-31,11804332.0,2.0,159.0,0.0,54.81666666666666,134.025,7.938333333333333,249.1341666666667,3.779166666666667,0.0
2066-09-01,11808997.0,,,,,,,,,
2066-09-30,11808997.0,3.0,160.0,0.0,61.535833333333336,128.53541666666666,9.016666666666667,244.95583333333332,3.293333333333333,0.0
2066-10-01,11813662.0,,,,,,,,,
2066-10-31,11813662.0,4.0,161.0,0.0,67.08083333333333,79.73333333333333,10.050833333333332,231.995,2.6183333333333336,0.0
2066-11-01,11818327.0,,,,,,,,,
2066-11-30,11818327.0,5.0,162.0,0.0,72.28,56.68958333333333,11.321666666666667,208.9975,2.4208333333333334,6.8
2066-12-01,11822992.0,,,,,,,,,
2066-12-31,11822992.0,6.0,163.0,0.0,80.52583333333332,54.175,11.7025,196.725,3.015833333333333,17.3
2067-01-01,11827657.0,,,,,,,,,
2067-01-31,11827657.0,0.0,164.0,0.0,85.81416666666667,35.458333333333336,11.3,192.464375,2.3060416666666668,17.0
2067-02-01,11832271.833333334,,,,,,,,,
2067-02-28,11832271.833333334,1.0,165.0,0.0,86.46166666666666,55.63333333333333,12.2275,181.8525,3.11,3.0
2067-03-01,11836886.666666666,,,,,,,,,
2067-03-31,11836886.666666666,2.0,166.0,0.0,84.47333333333333,51.90208333333334,12.6025,171.3025,3.26,15.1
2067-04-01,11841501.5,,,,,,,,,
2067-04-30,11841501.5,3.0,167.0,0.0,82.1925,78.75208333333333,12.055833333333332,200.5133333333333,1.9141666666666663,5.0
2067-05-01,11846116.333333334,,,,,,,,,
2067-05-31,11846116.333333334,4.0,168.0,0.0,70.355,107.12916666666666,9.74,242.6341666666667,2.9766666666666666,2.0
2067-06-01,11850731.166666666,,,,,,,,,
2067-06-30,11850731.166666666,5.0,169.0,0.0,57.36416666666667,126.12916666666666,11.358333333333334,244.00083333333336,3.744166666666666,0.0
2067-07-01,11855346.0,,,,,,,,,
2067-07-31,11855346.0,6.0,170.0,0.0,69.16583333333334,125.1,10.009166666666667,242.305,1.5891666666666666,0.0
2067-08-01,11859960.833333334,,,,,,,,,
2067-08-31,11859960.833333334,0.0,171.0,0.0,67.35166666666667,124.1625,10.543333333333331,261.605,1.665,0.0
2067-09-01,11864575.666666666,,,,,,,,,
2067-09-30,11864575.666666666,1.0,172.0,0.0,60.7275,90.19375,10.775,250.04666666666665,3.4341666666666666,0.0
2067-10-01,11869190.5,,,,,,,,,
2067-10-31,11869190.5,2.0,173.0,0.0,55.067708333333336,127.28125,9.299583333333333,250.24166666666667,3.763125,0.0
2067-11-01,11873805.333333334,,,,,,,,,
2067-11-30,11873805.333333334,3.0,174.0,0.0,63.0275,126.92916666666667,11.406666666666666,238.03833333333333,2.648333333333333,0.0
2067-12-01,11878420.166666666,,,,,,,,,
2067-12-31,11878420.166666666,4.0,175.0,0.0,72.66833333333334,125.84583333333336,9.336666666666668,228.9325,1.405,0.0
2068-01-01,11883035.0,,,,,,,,,
2068-01-31,11883035.0,5.0,176.0,0.0,80.06333333333333,122.975,9.565833333333334,189.80916666666667,1.2658333333333334,0.0
2068-02-01,11887597.166666666,,,,,,,,,
2068-02-29,11887597.166666666,6.0,177.0,0.0,72.615,126.37083333333332,9.789166666666668,226.40104166666663,1.3704166666666666,0.0
2068-03-01,11892159.333333334,,,,,,,,,
2068-03-31,11892159.333333334,0.0,178.0,0.0,71.08166666666666,117.61041666666668,10.063333333333334,196.97083333333333,1.4825,0.0
2068-04-01,11896721.5,,,,,,,,,
2068-04-30,11896721.5,1.0,179.0,0.0,77.38333333333334,104.6375,10.780833333333334,195.95416666666665,2.0341666666666667,0.0
2068-05-01,11901283.666666666,,,,,,,,,
2068-05-31,11901283.666666666,2.0,180.0,0.0,86.03083333333332,65.96458333333334,11.454166666666667,197.92916666666667,1.8970833333333332,2.0
2068-06-01,11905845.833333334,,,,,,,,,
2068-06-30,11905845.833333334,3.0,181.0,0.0,83.885,54.56458333333333,11.58,191.12583333333336,1.1675,1.0
2068-07-01,11910408.0,,,,,,,,,
2068-07-31,11910408.0,4.0,182.0,0.0,84.09666666666666,87.48541666666667,11.5425,201.6533333333333,1.6075,0.6
2068-08-01,11914970.166666666,,,,,,,,,
2068-08-31,11914970.166666666,5.0,183.0,0.0,83.16083333333333,120.66875,11.820833333333333,178.63,1.2308333333333332,4.5
2068-09-01,11919532.333333334,,,,,,,,,
2068-09-30,11919532.333333334,6.0,184.0,0.0,80.10583333333334,107.35625,10.338333333333331,175.78833333333333,1.653333333333333,0.0
2068-10-01,11924094.5,,,,,,,,,
2068-10-31,11924094.5,0.0,185.0,0.0,63.14270833333333,109.75416666666666,13.515,263.6589583333334,2.1572916666666666,0.0
2068-11-01,11928656.666666666,,,,,,,,,
2068-11-30,11928656.666666666,1.0,186.0,0.0,45.85875000000001,129.61666666666665,12.176666666666668,266.818125,4.584791666666667,0.0
2068-12-01,11933218.833333334,,,,,,,,,
2068-12-31,11933218.833333334,2.0,187.0,0.0,50.35666666666666,132.08125,11.434166666666668,272.835,3.865833333333333,0.0
2069-01-01,11937781.0,,,,,,,,,
2069-01-31,11937781.0,3.0,188.0,0.0,50.939166666666665,132.35833333333332,11.220833333333331,260.0883333333333,4.91,0.0
2069-02-01,11942285.833333334,,,,,,,,,
2069-02-28,11942285.833333334,4.0,189.0,0.0,60.26583333333334,136.80833333333334,7.759166666666666,243.83895833333332,2.191666666666667,0.0
2069-03-01,11946790.666666666,,,,,,,,,
2069-03-31,11946790.666666666,5.0,190.0,0.0,58.18666666666667,135.36249999999998,8.315,248.55,4.198333333333333,0.0
2069-04-01,11951295.5,,,,,,,,,
2069-04-30,11951295.5,6.0,191.0,0.0,53.10416666666666,135.57500000000002,8.834166666666667,266.7325,3.500833333333333,0.0
2069-05-01,11955800.333333334,,,,,,,,,
2069-05-31,11955800.333333334,0.0,192.0,0.0,52.83833333333334,135.60416666666666,9.858333333333333,240.4941666666667,2.905625,0.0
2069-06-01,11960305.166666666,,,,,,,,,
2069-06-30,11960305.166666666,1.0,193.0,0.0,56.66,136.73125,9.255833333333332,248.5225,2.7775,0.0
2069-07-01,11964810.0,,,,,,,,,
2069-07-31,11964810.0,2.0,194.0,0.0,59.41916666666666,17.416666666666668,8.8375,245.26625,2.9475,0.0
2069-08-01,11969314.833333334,,,,,,,,,
2069-08-31,11969314.833333334,3.0,195.0,0.0,61.03604166666667,132.22291666666666,8.376875,209.63583333333332,2.286875,0.0
2069-09-01,11973819.666666666,,,,,,,,,
2069-09-30,11973819.666666666,4.0,196.0,0.0,72.53166666666667,95.63125,8.048333333333334,202.2445833333333,2.226458333333333,0.0
2069-10-01,11978324.5,,,,,,,,,
2069-10-31,11978324.5,5.0,197.0,0.0,88.46833333333332,66.19791666666667,9.88,178.01666666666665,1.080833333333333,7.0
2069-11-01,11982829.333333334,,,,,,,,,
2069-11-30,11982829.333333334,6.0,198.0,0.0,87.49666666666667,73.71249999999999,10.378333333333332,186.32416666666663,1.0058333333333334,2.1
2069-12-01,11987334.166666666,,,,,,,,,
2069-12-31,11987334.166666666,0.0,199.0,0.0,77.79,102.89375,10.030833333333334,247.16020833333332,1.545,1.0
2070-01-01,11991839.0,,,,,,,,,
2070-01-31,11991839.0,1.0,200.0,0.0,78.28229166666667,90.62708333333336,7.495208333333334,235.8610416666667,3.252916666666667,0.6
2070-02-01,11996283.0,,,,,,,,,
2070-02-28,11996283.0,2.0,201.0,0.0,79.82166666666667,86.75625000000001,12.694166666666668,213.20916666666668,4.257499999999999,80.0
2070-03-01,12000727.0,,,,,,,,,
2070-03-31,12000727.0,3.0,202.0,0.0,86.39083333333333,36.33125,10.7075,219.03,3.2433333333333336,31.0
2070-04-01,12005171.0,,,,,,,,,
2070-04-30,12005171.0,4.0,203.0,0.0,89.09166666666665,46.50416666666666,10.198333333333332,212.175,2.8666666666666667,93.8
2070-05-01,12009615.0,,,,,,,,,
2070-05-31,12009615.0,5.0,204.0,0.0,78.5575,91.51458333333332,9.64,222.29625,2.60375,58.5
2070-06-01,12014059.0,,,,,,,,,
2070-06-30,12014059.0,6.0,205.0,0.0,79.04833333333333,78.71875,7.555,242.53083333333333,1.3075,3.2
2070-07-01,12018503.0,,,,,,,,,
2070-07-31,12018503.0,0.0,206.0,0.0,77.5125,118.45833333333331,9.439166666666669,228.7475,1.2075,0.2
2070-08-01,12022947.0,,,,,,,,,
2070-08-31,12022947.0,1.0,207.0,0.0,67.3575,144.71041666666665,9.774166666666668,238.42,2.004166666666667,0.6
2070-09-01,12027391.0,,,,,,,,,
2070-09-30,12027391.0,2.0,208.0,0.0,75.23916666666666,99.61875,9.255625,209.16291666666663,1.7689583333333332,0.0
2070-10-01,12031835.0,,,,,,,,,
2070-10-31,12031835.0,3.0,209.0,0.0,77.345,150.48541666666668,9.2575,215.89916666666667,1.211666666666667,0.0
2070-11-01,12036279.0,,,,,,,,,
2070-11-30,12036279.0,4.0,210.0,0.0,68.04666666666667,157.30833333333334,9.56,214.75291666666664,1.2604166666666667,0.0
2070-12-01,12040723.0,,,,,,,,,
2070-12-31,12040723.0,5.0,211.0,0.0,69.03833333333334,154.20833333333334,9.451666666666666,196.1825,1.2041666666666668,0.0
2071-01-01,12045167.0,,,,,,,,,
