Year,Week,Predicted_Demand,Date
2023,1,65011.043,2023-01-02
2023,2,67834.82,2023-01-09
2023,3,65223.02,2023-01-16
2023,4,65733.28,2023-01-23
2023,5,65498.508,2023-01-30
2023,6,65888.125,2023-02-06
2023,7,62688.805,2023-02-13
2023,8,64219.797,2023-02-20
2023,9,62475.527,2023-02-27
2023,10,62730.402,2023-03-06
2023,11,61329.125,2023-03-13
2023,12,63063.64,2023-03-20
2023,13,61994.316,2023-03-27
2023,14,60747.668,2023-04-03
2023,15,60664.625,2023-04-10
2023,16,60730.875,2023-04-17
2023,17,62374.87,2023-04-24
2023,18,62206.06,2023-05-01
2023,19,63015.92,2023-05-08
2023,20,64719.08,2023-05-15
2023,21,65472.555,2023-05-22
2023,22,64747.508,2023-05-29
2023,23,68473.266,2023-06-05
2023,24,68760.22,2023-06-12
2023,25,66885.19,2023-06-19
2023,26,72480.92,2023-06-26
2023,27,69028.42,2023-07-03
2023,28,67297.53,2023-07-10
2023,29,69551.85,2023-07-17
2023,30,66978.93,2023-07-24
2023,31,67210.945,2023-07-31
2023,32,67622.02,2023-08-07
2023,33,64433.938,2023-08-14
2023,34,66400.37,2023-08-21
2023,35,63728.92,2023-08-28
2023,36,64097.96,2023-09-04
2023,37,62168.95,2023-09-11
2023,38,61049.64,2023-09-18
2023,39,61105.656,2023-09-25
2023,40,61068.984,2023-10-02
2023,41,60441.07,2023-10-09
2023,42,61184.066,2023-10-16
2023,43,61227.6,2023-10-23
2023,44,60909.633,2023-10-30
2023,45,61065.24,2023-11-06
2023,46,61630.586,2023-11-13
2023,47,60751.33,2023-11-20
2023,48,60490.02,2023-11-27
2023,49,61963.707,2023-12-04
2023,50,61009.76,2023-12-11
2023,51,59624.633,2023-12-18
2023,52,71533.34,2023-12-25
2024,1,81740.94,2024-01-01
2024,2,64649.035,2024-01-08
2024,3,64862.125,2024-01-15
2024,4,66308.52,2024-01-22
2024,5,70129.305,2024-01-29
2024,6,64786.418,2024-02-05
2024,7,63436.67,2024-02-12
2024,8,63487.22,2024-02-19
2024,9,63215.895,2024-02-26
2024,10,61822.86,2024-03-04
2024,11,62420.938,2024-03-11
2024,12,61482.496,2024-03-18
2024,13,60897.527,2024-03-25
2024,14,59794.234,2024-04-01
2024,15,60933.58,2024-04-08
2024,16,60550.914,2024-04-15
2024,17,61234.645,2024-04-22
2024,18,63207.875,2024-04-29
2024,19,66949.93,2024-05-06
2024,20,65589.734,2024-05-13
2024,21,63632.383,2024-05-20
2024,22,64620.47,2024-05-27
2024,23,68770.44,2024-06-03
2024,24,66591.2,2024-06-10
2024,25,67055.83,2024-06-17
2024,26,66626.76,2024-06-24
2024,27,66502.516,2024-07-01
2024,28,69651.23,2024-07-08
2024,29,68571.586,2024-07-15
2024,30,68246.734,2024-07-22
2024,31,63170.355,2024-07-29
2024,32,66582.305,2024-08-05
2024,33,66209.03,2024-08-12
2024,34,63160.81,2024-08-19
2024,35,61714.684,2024-08-26
2024,36,61624.832,2024-09-02
2024,37,61324.473,2024-09-09
2024,38,57829.43,2024-09-16
2024,39,61908.17,2024-09-23
2024,40,63128.07,2024-09-30
2024,41,60314.84,2024-10-07
2024,42,58230.266,2024-10-14
2024,43,60660.1,2024-10-21
2024,44,58825.383,2024-10-28
2024,45,60320.316,2024-11-04
2024,46,60367.4,2024-11-11
2024,47,60990.23,2024-11-18
2024,48,59042.586,2024-11-25
2024,49,59551.58,2024-12-02
2024,50,58577.594,2024-12-09
2024,51,58713.46,2024-12-16
2024,52,58760.71,2024-12-23
2025,1,71449.08,2025-01-06
2025,2,66109.79,2025-01-13
2025,3,63743.258,2025-01-20
2025,4,64271.137,2025-01-27
2025,5,62667.434,2025-02-03
2025,6,62742.316,2025-02-10
2025,7,60068.03,2025-02-17
2025,8,61612.293,2025-02-24
2025,9,62082.07,2025-03-03
2025,10,61062.582,2025-03-10
2025,11,61291.387,2025-03-17
2025,12,60725.547,2025-03-24
2025,13,60596.785,2025-03-31
2025,14,59629.184,2025-04-07
2025,15,59018.215,2025-04-14
2025,16,60517.49,2025-04-21
2025,17,59669.168,2025-04-28
2025,18,60524.96,2025-05-05
2025,19,61502.8,2025-05-12
2025,20,62976.594,2025-05-19
2025,21,64592.633,2025-05-26
2025,22,62775.445,2025-06-02
2025,23,64331.832,2025-06-09
2025,24,65717.695,2025-06-16
2025,25,67655.09,2025-06-23
2025,26,65418.543,2025-06-30
2025,27,66845.35,2025-07-07
2025,28,67451.445,2025-07-14
2025,29,64100.41,2025-07-21
2025,30,67334.21,2025-07-28
2025,31,64055.33,2025-08-04
2025,32,63402.906,2025-08-11
2025,33,62055.41,2025-08-18
2025,34,64079.664,2025-08-25
2025,35,59401.06,2025-09-01
2025,36,58428.395,2025-09-08
2025,37,58767.203,2025-09-15
2025,38,58798.04,2025-09-22
2025,39,57219.082,2025-09-29
2025,40,57818.137,2025-10-06
2025,41,57637.03,2025-10-13
2025,42,57272.8,2025-10-20
2025,43,58553.22,2025-10-27
2025,44,57215.22,2025-11-03
2025,45,58423.5,2025-11-10
2025,46,57504.695,2025-11-17
2025,47,57332.777,2025-11-24
2025,48,56900.766,2025-12-01
2025,49,57804.387,2025-12-08
2025,50,59509.938,2025-12-15
2025,51,61716.465,2025-12-22
2025,52,59316.98,2025-12-29
2026,1,35868.184,2026-01-05
2026,2,61714.07,2026-01-12
2026,3,65536.336,2026-01-19
2026,4,60705.664,2026-01-26
2026,5,63460.566,2026-02-02
2026,6,61076.492,2026-02-09
2026,7,61785.62,2026-02-16
2026,8,59910.41,2026-02-23
2026,9,60859.176,2026-03-02
2026,10,60496.363,2026-03-09
2026,11,60110.82,2026-03-16
2026,12,60044.234,2026-03-23
2026,13,59707.35,2026-03-30
2026,14,59788.418,2026-04-06
2026,15,58662.594,2026-04-13
2026,16,57889.844,2026-04-20
2026,17,59071.383,2026-04-27
2026,18,60990.836,2026-05-04
2026,19,61015.332,2026-05-11
2026,20,60301.227,2026-05-18
2026,21,59287.23,2026-05-25
2026,22,60026.59,2026-06-01
2026,23,62198.777,2026-06-08
2026,24,64234.156,2026-06-15
2026,25,63888.152,2026-06-22
2026,26,65385.594,2026-06-29
2026,27,66587.016,2026-07-06
2026,28,66883.7,2026-07-13
2026,29,66251.21,2026-07-20
2026,30,65399.266,2026-07-27
2026,31,63105.207,2026-08-03
2026,32,64376.434,2026-08-10
2026,33,65717.695,2026-08-17
2026,34,62301.164,2026-08-24
2026,35,61214.125,2026-08-31
2026,36,61334.645,2026-09-07
2026,37,58178.445,2026-09-14
2026,38,58771.52,2026-09-21
2026,39,57362.367,2026-09-28
2026,40,56965.586,2026-10-05
2026,41,56213.96,2026-10-12
2026,42,58520.19,2026-10-19
2026,43,58335.05,2026-10-26
2026,44,57308.426,2026-11-02
2026,45,56572.547,2026-11-09
2026,46,57367.25,2026-11-16
2026,47,59842.516,2026-11-23
2026,48,57509.258,2026-11-30
2026,49,58648.703,2026-12-07
2026,50,56683.164,2026-12-14
2026,51,57206.99,2026-12-21
2026,52,58064.062,2026-12-28
2026,53,35739.938,2027-01-04
2027,1,64006.84,2027-01-04
2027,2,63701.91,2027-01-11
2027,3,63836.688,2027-01-18
2027,4,58867.86,2027-01-25
2027,5,59707.453,2027-02-01
2027,6,61786.863,2027-02-08
2027,7,61693.805,2027-02-15
2027,8,60954.992,2027-02-22
2027,9,59408.582,2027-03-01
2027,10,59891.727,2027-03-08
2027,11,59253.867,2027-03-15
2027,12,57874.094,2027-03-22
2027,13,58690.66,2027-03-29
2027,14,58270.18,2027-04-05
2027,15,58366.625,2027-04-12
2027,16,61280.01,2027-04-19
2027,17,59269.99,2027-04-26
2027,18,60665.453,2027-05-03
2027,19,62503.023,2027-05-10
2027,20,61702.133,2027-05-17
2027,21,64021.56,2027-05-24
2027,22,65826.38,2027-05-31
2027,23,62500.957,2027-06-07
2027,24,64826.54,2027-06-14
2027,25,65788.625,2027-06-21
2027,26,67749.98,2027-06-28
2027,27,68190.7,2027-07-05
2027,28,68128.02,2027-07-12
2027,29,63573.04,2027-07-19
2027,30,64121.176,2027-07-26
2027,31,66632.93,2027-08-02
2027,32,63276.85,2027-08-09
2027,33,60675.633,2027-08-16
2027,34,61244.812,2027-08-23
2027,35,60041.383,2027-08-30
2027,36,58400.133,2027-09-06
2027,37,57294.973,2027-09-13
2027,38,59571.39,2027-09-20
2027,39,56597.016,2027-09-27
2027,40,58177.27,2027-10-04
2027,41,57271.066,2027-10-11
2027,42,56698.668,2027-10-18
2027,43,56365.445,2027-10-25
2027,44,57001.168,2027-11-01
2027,45,56580.88,2027-11-08
2027,46,60437.574,2027-11-15
2027,47,58295.19,2027-11-22
2027,48,58196.516,2027-11-29
2027,49,59089.473,2027-12-06
2027,50,60974.543,2027-12-13
2027,51,56509.105,2027-12-20
2027,52,42587.36,2027-12-27
2027,53,27635.44,2028-01-03
2028,1,64258.0,2028-01-03
2028,2,60298.45,2028-01-10
2028,3,64924.71,2028-01-17
2028,4,64171.53,2028-01-24
2028,5,58492.203,2028-01-31
2028,6,63593.656,2028-02-07
2028,7,60335.992,2028-02-14
2028,8,59926.87,2028-02-21
2028,9,59096.508,2028-02-28
2028,10,58023.086,2028-03-06
2028,11,61550.043,2028-03-13
2028,12,58079.24,2028-03-20
2028,13,59827.234,2028-03-27
2028,14,59165.695,2028-04-03
2028,15,60339.406,2028-04-10
2028,16,57130.406,2028-04-17
2028,17,58321.31,2028-04-24
2028,18,58208.82,2028-05-01
2028,19,60792.79,2028-05-08
2028,20,59358.5,2028-05-15
2028,21,60211.387,2028-05-22
2028,22,62403.066,2028-05-29
2028,23,64126.156,2028-06-05
2028,24,63458.348,2028-06-12
2028,25,64998.938,2028-06-19
2028,26,65250.156,2028-06-26
2028,27,63816.8,2028-07-03
2028,28,65475.11,2028-07-10
2028,29,64259.004,2028-07-17
2028,30,61448.12,2028-07-24
2028,31,62517.695,2028-07-31
2028,32,60865.42,2028-08-07
2028,33,63487.02,2028-08-14
2028,34,63540.527,2028-08-21
2028,35,62289.152,2028-08-28
2028,36,58027.53,2028-09-04
2028,37,56358.32,2028-09-11
2028,38,59397.582,2028-09-18
2028,39,56317.266,2028-09-25
2028,40,57702.445,2028-10-02
2028,41,56059.4,2028-10-09
2028,42,55731.3,2028-10-16
2028,43,54841.848,2028-10-23
2028,44,58657.016,2028-10-30
2028,45,54730.438,2028-11-06
2028,46,56036.832,2028-11-13
2028,47,55445.355,2028-11-20
2028,48,55500.152,2028-11-27
2028,49,56387.605,2028-12-04
2028,50,57775.46,2028-12-11
2028,51,56687.492,2028-12-18
2028,52,81023.18,2028-12-25
2029,1,70385.37,2029-01-01
2029,2,63363.39,2029-01-08
2029,3,62247.668,2029-01-15
2029,4,61270.09,2029-01-22
2029,5,62135.305,2029-01-29
2029,6,62251.375,2029-02-05
2029,7,58923.0,2029-02-12
2029,8,60783.543,2029-02-19
2029,9,58294.656,2029-02-26
2029,10,58381.87,2029-03-05
2029,11,57908.703,2029-03-12
2029,12,59017.438,2029-03-19
2029,13,57609.742,2029-03-26
2029,14,56638.926,2029-04-02
2029,15,56291.22,2029-04-09
2029,16,56949.69,2029-04-16
2029,17,58292.547,2029-04-23
2029,18,58129.258,2029-04-30
2029,19,59107.375,2029-05-07
2029,20,60861.824,2029-05-14
2029,21,61311.527,2029-05-21
2029,22,60524.12,2029-05-28
2029,23,65540.914,2029-06-04
2029,24,64472.547,2029-06-11
2029,25,62495.086,2029-06-18
2029,26,69574.984,2029-06-25
2029,27,64726.258,2029-07-02
2029,28,63614.895,2029-07-09
2029,29,65308.4,2029-07-16
2029,30,62574.586,2029-07-23
2029,31,64472.86,2029-07-30
2029,32,63131.6,2029-08-06
2029,33,60886.367,2029-08-13
2029,34,62132.22,2029-08-20
2029,35,59272.336,2029-08-27
2029,36,59964.652,2029-09-03
2029,37,58158.945,2029-09-10
2029,38,56690.75,2029-09-17
2029,39,57811.547,2029-09-24
2029,40,56984.305,2029-10-01
2029,41,56969.695,2029-10-08
2029,42,56494.66,2029-10-15
2029,43,57494.207,2029-10-22
2029,44,57203.676,2029-10-29
2029,45,57796.9,2029-11-05
2029,46,57560.438,2029-11-12
2029,47,57482.613,2029-11-19
2029,48,56856.555,2029-11-26
2029,49,58773.08,2029-12-03
2029,50,57296.5,2029-12-10
2029,51,56501.15,2029-12-17
2029,52,59768.773,2029-12-24
2030,1,68854.06,2030-01-07
2030,2,61783.32,2030-01-14
2030,3,61309.17,2030-01-21
2030,4,62753.8,2030-01-28
2030,5,70054.945,2030-02-04
2030,6,59271.285,2030-02-11
2030,7,61047.516,2030-02-18
2030,8,59404.133,2030-02-25
2030,9,59219.1,2030-03-04
2030,10,58937.203,2030-03-11
2030,11,58431.73,2030-03-18
2030,12,57981.13,2030-03-25
2030,13,57313.848,2030-04-01
2030,14,55824.414,2030-04-08
2030,15,57495.344,2030-04-15
2030,16,56809.867,2030-04-22
2030,17,57075.984,2030-04-29
2030,18,59674.062,2030-05-06
2030,19,63177.65,2030-05-13
2030,20,60963.05,2030-05-20
2030,21,60717.953,2030-05-27
2030,22,60631.734,2030-06-03
2030,23,65247.074,2030-06-10
2030,24,63063.836,2030-06-17
2030,25,63463.16,2030-06-24
2030,26,62354.07,2030-07-01
2030,27,64022.016,2030-07-08
2030,28,65640.0,2030-07-15
2030,29,65408.73,2030-07-22
2030,30,64205.895,2030-07-29
2030,31,58866.0,2030-08-05
2030,32,63355.11,2030-08-12
2030,33,61968.35,2030-08-19
2030,34,59257.133,2030-08-26
2030,35,57634.77,2030-09-02
2030,36,58537.812,2030-09-09
2030,37,56404.516,2030-09-16
2030,38,54990.67,2030-09-23
2030,39,58102.477,2030-09-30
2030,40,59250.883,2030-10-07
2030,41,56052.94,2030-10-14
2030,42,54624.215,2030-10-21
2030,43,57460.797,2030-10-28
2030,44,55106.367,2030-11-04
2030,45,57210.7,2030-11-11
2030,46,57722.297,2030-11-18
2030,47,56657.61,2030-11-25
2030,48,55897.496,2030-12-02
2030,49,56099.375,2030-12-09
2030,50,54859.227,2030-12-16
2030,51,55718.31,2030-12-23
2030,52,55162.605,2030-12-30
2031,1,69897.375,2031-01-06
2031,2,62062.7,2031-01-13
2031,3,61290.617,2031-01-20
2031,4,60927.797,2031-01-27
2031,5,59241.586,2031-02-03
2031,6,59451.49,2031-02-10
2031,7,56672.855,2031-02-17
2031,8,59240.234,2031-02-24
2031,9,57911.055,2031-03-03
2031,10,58254.32,2031-03-10
2031,11,57310.0,2031-03-17
2031,12,57696.86,2031-03-24
2031,13,57147.062,2031-03-31
2031,14,55982.33,2031-04-07
2031,15,55478.055,2031-04-14
2031,16,56788.613,2031-04-21
2031,17,55877.582,2031-04-28
2031,18,57551.516,2031-05-05
2031,19,57580.613,2031-05-12
2031,20,59422.36,2031-05-19
2031,21,60979.477,2031-05-26
2031,22,58851.22,2031-06-02
2031,23,61629.918,2031-06-09
2031,24,62108.14,2031-06-16
2031,25,64436.664,2031-06-23
2031,26,61561.12,2031-06-30
2031,27,63826.35,2031-07-07
2031,28,63574.97,2031-07-14
2031,29,60983.61,2031-07-21
2031,30,62897.047,2031-07-28
2031,31,60605.082,2031-08-04
2031,32,59908.895,2031-08-11
2031,33,58451.6,2031-08-18
2031,34,60357.97,2031-08-25
2031,35,55573.027,2031-09-01
2031,36,54713.977,2031-09-08
2031,37,55809.97,2031-09-15
2031,38,54697.07,2031-09-22
2031,39,53831.484,2031-09-29
2031,40,54310.13,2031-10-06
2031,41,54478.836,2031-10-13
2031,42,54500.035,2031-10-20
2031,43,54846.83,2031-10-27
2031,44,53633.586,2031-11-03
2031,45,55730.72,2031-11-10
2031,46,54145.023,2031-11-17
2031,47,53705.062,2031-11-24
2031,48,53850.76,2031-12-01
2031,49,55223.79,2031-12-08
2031,50,56160.516,2031-12-15
2031,51,59967.31,2031-12-22
2031,52,55378.668,2031-12-29
2032,1,34149.35,2032-01-05
2032,2,58558.793,2032-01-12
2032,3,62872.22,2032-01-19
2032,4,57149.977,2032-01-26
2032,5,61343.65,2032-02-02
2032,6,57443.73,2032-02-09
2032,7,58515.895,2032-02-16
2032,8,57235.465,2032-02-23
2032,9,57340.383,2032-03-01
2032,10,57720.875,2032-03-08
2032,11,56535.46,2032-03-15
2032,12,57206.99,2032-03-22
2032,13,56466.395,2032-03-29
2032,14,56167.29,2032-04-05
2032,15,55559.742,2032-04-12
2032,16,54433.984,2032-04-19
2032,17,55669.836,2032-04-26
2032,18,58136.26,2032-05-03
2032,19,57111.695,2032-05-10
2032,20,57022.875,2032-05-17
2032,21,55836.93,2032-05-24
2032,22,57231.273,2032-05-31
2032,23,59232.547,2032-06-07
2032,24,60756.992,2032-06-14
2032,25,61047.094,2032-06-21
2032,26,62054.55,2032-06-28
2032,27,63164.707,2032-07-05
2032,28,63930.434,2032-07-12
2032,29,63036.3,2032-07-19
2032,30,61933.75,2032-07-26
2032,31,60136.5,2032-08-02
2032,32,61214.117,2032-08-09
2032,33,62220.066,2032-08-16
2032,34,58514.492,2032-08-23
2032,35,57521.297,2032-08-30
2032,36,58248.0,2032-09-06
2032,37,54544.21,2032-09-13
2032,38,55505.023,2032-09-20
2032,39,53894.562,2032-09-27
2032,40,53774.332,2032-10-04
2032,41,53212.445,2032-10-11
2032,42,55414.105,2032-10-18
2032,43,55285.516,2032-10-25
2032,44,54185.438,2032-11-01
2032,45,53474.086,2032-11-08
2032,46,54329.59,2032-11-15
2032,47,57860.83,2032-11-22
2032,48,54443.15,2032-11-29
2032,49,55741.492,2032-12-06
2032,50,53810.242,2032-12-13
2032,51,54485.566,2032-12-20
2032,52,55228.42,2032-12-27
2032,53,43742.43,2033-01-03
2033,1,61001.848,2033-01-03
2033,2,61280.46,2033-01-10
2033,3,61079.23,2033-01-17
2033,4,55481.742,2033-01-24
2033,5,57124.305,2033-01-31
2033,6,59357.195,2033-02-07
2033,7,58958.215,2033-02-14
2033,8,57428.688,2033-02-21
2033,9,57480.27,2033-02-28
2033,10,56067.57,2033-03-07
2033,11,56457.586,2033-03-14
2033,12,54531.65,2033-03-21
2033,13,55629.582,2033-03-28
2033,14,54790.445,2033-04-04
2033,15,56293.04,2033-04-11
2033,16,57277.062,2033-04-18
2033,17,55915.45,2033-04-25
2033,18,57929.0,2033-05-02
2033,19,59522.977,2033-05-09
2033,20,59011.188,2033-05-16
2033,21,61061.82,2033-05-23
2033,22,62298.844,2033-05-30
2033,23,59789.83,2033-06-06
2033,24,62523.098,2033-06-13
2033,25,62601.89,2033-06-20
2033,26,65319.31,2033-06-27
2033,27,65213.42,2033-07-04
2033,28,65356.887,2033-07-11
2033,29,60909.816,2033-07-18
2033,30,60896.305,2033-07-25
2033,31,63566.45,2033-08-01
2033,32,60302.617,2033-08-08
2033,33,57784.11,2033-08-15
2033,34,58193.28,2033-08-22
2033,35,56993.305,2033-08-29
2033,36,55053.82,2033-09-05
2033,37,54357.46,2033-09-12
2033,38,56748.04,2033-09-19
2033,39,54464.797,2033-09-26
2033,40,54939.086,2033-10-03
2033,41,54672.87,2033-10-10
2033,42,53865.836,2033-10-17
2033,43,53760.844,2033-10-24
2033,44,54070.234,2033-10-31
2033,45,53876.3,2033-11-07
2033,46,58355.703,2033-11-14
2033,47,56058.277,2033-11-21
2033,48,55399.57,2033-11-28
2033,49,57084.32,2033-12-05
2033,50,58441.133,2033-12-12
2033,51,53556.133,2033-12-19
2033,52,49830.746,2033-12-26
2033,53,17768.723,2034-01-02
2034,1,62286.28,2034-01-02
2034,2,57653.836,2034-01-09
2034,3,63272.777,2034-01-16
2034,4,60849.98,2034-01-23
2034,5,56472.035,2034-01-30
2034,6,61256.254,2034-02-06
2034,7,57301.05,2034-02-13
2034,8,57424.92,2034-02-20
2034,9,56158.953,2034-02-27
2034,10,56173.805,2034-03-06
2034,11,58267.49,2034-03-13
2034,12,55716.336,2034-03-20
2034,13,57305.492,2034-03-27
2034,14,57227.21,2034-04-03
2034,15,56793.67,2034-04-10
2034,16,54035.168,2034-04-17
2034,17,55125.95,2034-04-24
2034,18,55664.04,2034-05-01
2034,19,58005.34,2034-05-08
2034,20,56102.863,2034-05-15
2034,21,57453.844,2034-05-22
2034,22,59325.445,2034-05-29
2034,23,61214.68,2034-06-05
2034,24,60995.56,2034-06-12
2034,25,62708.61,2034-06-19
2034,26,61667.742,2034-06-26
2034,27,61531.72,2034-07-03
2034,28,63155.96,2034-07-10
2034,29,61036.49,2034-07-17
2034,30,58878.258,2034-07-24
2034,31,59600.633,2034-07-31
2034,32,57472.996,2034-08-07
2034,33,61724.387,2034-08-14
2034,34,60790.582,2034-08-21
2034,35,59141.586,2034-08-28
2034,36,54452.31,2034-09-04
2034,37,54239.195,2034-09-11
2034,38,56247.15,2034-09-18
2034,39,53797.605,2034-09-25
2034,40,54519.16,2034-10-02
2034,41,53040.0,2034-10-09
2034,42,52949.47,2034-10-16
2034,43,52714.56,2034-10-23
2034,44,55785.754,2034-10-30
2034,45,52347.957,2034-11-06
2034,46,53123.39,2034-11-13
2034,47,52544.688,2034-11-20
2034,48,53451.57,2034-11-27
2034,49,54279.242,2034-12-04
2034,50,55988.117,2034-12-11
2034,51,55178.97,2034-12-18
2034,52,68391.62,2034-12-25
2035,1,69381.22,2035-01-01
2035,2,60051.457,2035-01-08
2035,3,59551.133,2035-01-15
2035,4,59507.168,2035-01-22
2035,5,59375.58,2035-01-29
2035,6,60342.383,2035-02-05
2035,7,57033.312,2035-02-12
2035,8,57757.504,2035-02-19
2035,9,55548.684,2035-02-26
2035,10,54888.312,2035-03-05
2035,11,56222.56,2035-03-12
2035,12,56285.395,2035-03-19
2035,13,54271.273,2035-03-26
2035,14,54149.414,2035-04-02
2035,15,53309.29,2035-04-09
2035,16,54312.94,2035-04-16
2035,17,55641.4,2035-04-23
2035,18,55318.78,2035-04-30
2035,19,56558.77,2035-05-07
2035,20,58476.953,2035-05-14
2035,21,58143.785,2035-05-21
2035,22,58081.89,2035-05-28
2035,23,63305.844,2035-06-04
2035,24,60940.062,2035-06-11
2035,25,60659.246,2035-06-18
2035,26,66613.26,2035-06-25
2035,27,61887.8,2035-07-02
2035,28,61167.414,2035-07-09
2035,29,62320.86,2035-07-16
2035,30,59727.914,2035-07-23
2035,31,62400.246,2035-07-30
2035,32,59567.406,2035-08-06
2035,33,58413.188,2035-08-13
2035,34,59574.84,2035-08-20
2035,35,55940.0,2035-08-27
2035,36,57294.906,2035-09-03
2035,37,55346.434,2035-09-10
2035,38,53389.723,2035-09-17
2035,39,55628.867,2035-09-24
2035,40,53922.18,2035-10-01
2035,41,54565.566,2035-10-08
2035,42,54765.586,2035-10-15
2035,43,54361.695,2035-10-22
2035,44,54246.066,2035-10-29
2035,45,56684.812,2035-11-05
2035,46,54286.79,2035-11-12
2035,47,55509.434,2035-11-19
2035,48,54545.727,2035-11-26
2035,49,57216.8,2035-12-03
2035,50,54631.438,2035-12-10
2035,51,54762.805,2035-12-17
2035,52,58101.12,2035-12-24
2036,1,72749.43,2036-01-07
2036,2,60515.535,2036-01-14
2036,3,58781.504,2036-01-21
2036,4,61072.176,2036-01-28
2036,5,68308.51,2036-02-04
2036,6,56598.516,2036-02-11
2036,7,60592.984,2036-02-18
2036,8,56129.863,2036-02-25
2036,9,56054.29,2036-03-03
2036,10,57680.934,2036-03-10
2036,11,55504.03,2036-03-17
2036,12,55812.656,2036-03-24
2036,13,54973.645,2036-03-31
2036,14,53653.125,2036-04-07
2036,15,54567.965,2036-04-14
2036,16,54412.14,2036-04-21
2036,17,54282.676,2036-04-28
2036,18,57382.39,2036-05-05
2036,19,61026.293,2036-05-12
2036,20,57158.875,2036-05-19
2036,21,58971.645,2036-05-26
2036,22,57832.54,2036-06-02
2036,23,62786.508,2036-06-09
2036,24,60609.793,2036-06-16
2036,25,61000.78,2036-06-23
2036,26,59492.47,2036-06-30
2036,27,62355.434,2036-07-07
2036,28,62775.414,2036-07-14
2036,29,64025.0,2036-07-21
2036,30,60802.953,2036-07-28
2036,31,55911.867,2036-08-04
2036,32,60994.375,2036-08-11
2036,33,59053.14,2036-08-18
2036,34,56136.473,2036-08-25
2036,35,54773.67,2036-09-01
2036,36,56378.023,2036-09-08
2036,37,52979.914,2036-09-15
2036,38,53823.066,2036-09-22
2036,39,55548.477,2036-09-29
2036,40,55718.16,2036-10-06
2036,41,53105.727,2036-10-13
2036,42,52755.39,2036-10-20
2036,43,54961.586,2036-10-27
2036,44,53442.535,2036-11-03
2036,45,54880.41,2036-11-10
2036,46,56059.75,2036-11-17
2036,47,54220.1,2036-11-24
2036,48,53974.195,2036-12-01
2036,49,53739.45,2036-12-08
2036,50,52177.586,2036-12-15
2036,51,54217.902,2036-12-22
2036,52,54773.703,2036-12-29
2037,1,36681.242,2037-01-05
2037,2,57739.35,2037-01-12
2037,3,60206.914,2037-01-19
2037,4,58929.55,2037-01-26
2037,5,56535.336,2037-02-02
2037,6,57343.38,2037-02-09
2037,7,55041.816,2037-02-16
2037,8,57547.37,2037-02-23
2037,9,55185.99,2037-03-02
2037,10,56192.86,2037-03-09
2037,11,54470.86,2037-03-16
2037,12,56128.414,2037-03-23
2037,13,54559.15,2037-03-30
2037,14,53621.55,2037-04-06
2037,15,53251.082,2037-04-13
2037,16,54165.29,2037-04-20
2037,17,53438.176,2037-04-27
2037,18,55290.9,2037-05-04
2037,19,54548.68,2037-05-11
2037,20,57321.625,2037-05-18
2037,21,58131.71,2037-05-25
2037,22,56607.734,2037-06-01
2037,23,59372.723,2037-06-08
2037,24,59853.082,2037-06-15
2037,25,62197.523,2037-06-22
2037,26,59115.1,2037-06-29
2037,27,61663.637,2037-07-06
2037,28,60588.863,2037-07-13
2037,29,59322.35,2037-07-20
2037,30,59660.156,2037-07-27
2037,31,57992.65,2037-08-03
2037,32,57534.31,2037-08-10
2037,33,56954.973,2037-08-17
2037,34,56651.71,2037-08-24
2037,35,53036.043,2037-08-31
2037,36,52621.15,2037-09-07
2037,37,53142.703,2037-09-14
2037,38,52371.16,2037-09-21
2037,39,51554.51,2037-09-28
2037,40,52097.875,2037-10-05
2037,41,52427.973,2037-10-12
2037,42,52830.383,2037-10-19
2037,43,52205.496,2037-10-26
2037,44,51518.984,2037-11-02
2037,45,53822.62,2037-11-09
2037,46,51800.48,2037-11-16
2037,47,51789.016,2037-11-23
2037,48,52156.26,2037-11-30
2037,49,54594.824,2037-12-07
2037,50,53542.707,2037-12-14
2037,51,58469.773,2037-12-21
2037,52,53622.07,2037-12-28
2037,53,33806.79,2038-01-04
2038,1,57451.918,2038-01-04
2038,2,60592.98,2038-01-11
2038,3,55176.53,2038-01-18
2038,4,59260.633,2038-01-25
2038,5,55688.203,2038-02-01
2038,6,56968.668,2038-02-08
2038,7,55268.64,2038-02-15
2038,8,55052.484,2038-02-22
2038,9,55871.043,2038-03-01
2038,10,54586.234,2038-03-08
2038,11,55061.7,2038-03-15
2038,12,54740.418,2038-03-22
2038,13,53842.59,2038-03-29
2038,14,53281.79,2038-04-05
2038,15,52294.17,2038-04-12
2038,16,53419.633,2038-04-19
2038,17,56157.28,2038-04-26
2038,18,54360.73,2038-05-03
2038,19,54925.17,2038-05-10
2038,20,53257.25,2038-05-17
2038,21,55768.63,2038-05-24
2038,22,57016.24,2038-05-31
2038,23,58271.195,2038-06-07
2038,24,59471.133,2038-06-14
2038,25,59868.26,2038-06-21
2038,26,61321.72,2038-06-28
2038,27,61987.473,2038-07-05
2038,28,60660.95,2038-07-12
2038,29,59324.38,2038-07-19
2038,30,58798.418,2038-07-26
2038,31,59576.75,2038-08-02
2038,32,59242.613,2038-08-09
2038,33,56746.766,2038-08-16
2038,34,54765.32,2038-08-23
2038,35,55676.55,2038-08-30
2038,36,52142.1,2038-09-06
2038,37,53443.855,2038-09-13
2038,38,51906.664,2038-09-20
2038,39,51469.066,2038-09-27
2038,40,51711.53,2038-10-04
2038,41,53341.47,2038-10-11
2038,42,52989.992,2038-10-18
2038,43,52580.676,2038-10-25
2038,44,51511.242,2038-11-01
2038,45,52386.098,2038-11-08
2038,46,56671.22,2038-11-15
2038,47,53460.17,2038-11-22
2038,48,53889.9,2038-11-29
2038,49,52304.33,2038-12-06
2038,50,53150.12,2038-12-13
2038,51,53953.438,2038-12-20
2038,52,42745.184,2038-12-27
2038,53,24533.316,2039-01-03
2039,1,59279.816,2039-01-03
2039,2,58972.605,2039-01-10
2039,3,59379.336,2039-01-17
2039,4,53121.22,2039-01-24
2039,5,55903.76,2039-01-31
2039,6,57558.97,2039-02-07
2039,7,57193.516,2039-02-14
2039,8,55501.844,2039-02-21
2039,9,55582.42,2039-02-28
2039,10,53804.203,2039-03-07
2039,11,54978.87,2039-03-14
2039,12,52134.3,2039-03-21
2039,13,53586.848,2039-03-28
2039,14,52364.133,2039-04-04
2039,15,55710.992,2039-04-11
2039,16,54260.633,2039-04-18
2039,17,53683.492,2039-04-25
2039,18,55817.125,2039-05-02
2039,19,57691.727,2039-05-09
2039,20,57368.785,2039-05-16
2039,21,59762.047,2039-05-23
2039,22,59363.934,2039-05-30
2039,23,58183.688,2039-06-06
2039,24,61330.82,2039-06-13
2039,25,60608.64,2039-06-20
2039,26,63971.414,2039-06-27
2039,27,63280.195,2039-07-04
2039,28,63571.742,2039-07-11
2039,29,59388.95,2039-07-18
2039,30,59692.062,2039-07-25
2039,31,61075.043,2039-08-01
2039,32,58497.0,2039-08-08
2039,33,56173.48,2039-08-15
2039,34,56114.117,2039-08-22
2039,35,55135.07,2039-08-29
2039,36,52421.09,2039-09-05
2039,37,52699.54,2039-09-12
2039,38,54941.055,2039-09-19
2039,39,53976.297,2039-09-26
2039,40,52491.625,2039-10-03
2039,41,53434.152,2039-10-10
2039,42,52105.46,2039-10-17
2039,43,52073.832,2039-10-24
2039,44,52379.137,2039-10-31
2039,45,52313.566,2039-11-07
2039,46,57113.707,2039-11-14
2039,47,55839.125,2039-11-21
2039,48,53097.86,2039-11-28
2039,49,55748.645,2039-12-05
2039,50,57377.23,2039-12-12
2039,51,51709.855,2039-12-19
2039,52,66253.38,2039-12-26
2040,1,70765.77,2040-01-02
2040,2,55649.605,2040-01-09
2040,3,62347.953,2040-01-16
2040,4,58319.76,2040-01-23
2040,5,55872.363,2040-01-30
2040,6,59537.824,2040-02-06
2040,7,55835.367,2040-02-13
2040,8,55757.67,2040-02-20
2040,9,54248.92,2040-02-27
2040,10,54957.305,2040-03-05
2040,11,56680.42,2040-03-12
2040,12,54397.574,2040-03-19
2040,13,55654.824,2040-03-26
2040,14,56672.766,2040-04-02
2040,15,54163.703,2040-04-09
2040,16,52345.94,2040-04-16
2040,17,53140.36,2040-04-23
2040,18,54861.227,2040-04-30
2040,19,55421.496,2040-05-07
2040,20,54093.895,2040-05-14
2040,21,56019.977,2040-05-21
2040,22,57999.53,2040-05-28
2040,23,58794.457,2040-06-04
2040,24,59541.805,2040-06-11
2040,25,61862.94,2040-06-18
2040,26,58456.953,2040-06-25
2040,27,60942.19,2040-07-02
2040,28,61818.73,2040-07-09
2040,29,59300.496,2040-07-16
2040,30,56603.42,2040-07-23
2040,31,58447.453,2040-07-30
2040,32,57030.566,2040-08-06
2040,33,58766.375,2040-08-13
2040,34,60051.17,2040-08-20
2040,35,56705.54,2040-08-27
2040,36,52164.656,2040-09-03
2040,37,53180.684,2040-09-10
2040,38,53942.887,2040-09-17
2040,39,53093.33,2040-09-24
2040,40,52559.0,2040-10-01
2040,41,51371.86,2040-10-08
2040,42,51046.676,2040-10-15
2040,43,52922.164,2040-10-22
2040,44,53081.645,2040-10-29
2040,45,51225.027,2040-11-05
2040,46,51641.92,2040-11-12
2040,47,50730.08,2040-11-19
2040,48,52296.34,2040-11-26
2040,49,53586.883,2040-12-03
2040,50,54688.61,2040-12-10
2040,51,56150.02,2040-12-17
2040,52,66562.54,2040-12-24
2041,1,67268.2,2041-01-07
2041,2,57682.33,2041-01-14
2041,3,58787.832,2041-01-21
2041,4,58456.17,2041-01-28
2041,5,57925.324,2041-02-04
2041,6,59379.535,2041-02-11
2041,7,56432.05,2041-02-18
2041,8,54539.24,2041-02-25
2041,9,54769.36,2041-03-04
2041,10,52354.24,2041-03-11
2041,11,54735.86,2041-03-18
2041,12,55387.562,2041-03-25
2041,13,51992.418,2041-04-01
2041,14,52500.004,2041-04-08
2041,15,51629.453,2041-04-15
2041,16,52761.344,2041-04-22
2041,17,53857.566,2041-04-29
2041,18,53666.99,2041-05-06
2041,19,55648.773,2041-05-13
2041,20,56583.016,2041-05-20
2041,21,56651.105,2041-05-27
2041,22,56822.086,2041-06-03
2041,23,61883.76,2041-06-10
2041,24,58853.285,2041-06-17
2041,25,60002.22,2041-06-24
2041,26,64932.14,2041-07-01
2041,27,59549.062,2041-07-08
2041,28,60481.64,2041-07-15
2041,29,60021.13,2041-07-22
2041,30,58704.08,2041-07-29
2041,31,60257.84,2041-08-05
2041,32,57479.824,2041-08-12
2041,33,57403.066,2041-08-19
2041,34,57413.375,2041-08-26
2041,35,54464.445,2041-09-02
2041,36,55400.953,2041-09-09
2041,37,53686.76,2041-09-16
2041,38,51924.594,2041-09-23
2041,39,54335.387,2041-09-30
2041,40,52503.82,2041-10-07
2041,41,53072.492,2041-10-14
2041,42,53608.555,2041-10-21
2041,43,53259.33,2041-10-28
2041,44,52974.867,2041-11-04
2041,45,56140.727,2041-11-11
2041,46,52825.875,2041-11-18
2041,47,54745.395,2041-11-25
2041,48,53820.168,2041-12-02
2041,49,56206.125,2041-12-09
2041,50,53565.17,2041-12-16
2041,51,53793.613,2041-12-23
2041,52,57766.98,2041-12-30
2042,1,64565.555,2042-01-06
2042,2,60065.387,2042-01-13
2042,3,57921.184,2042-01-20
2042,4,61119.117,2042-01-27
2042,5,65673.04,2042-02-03
2042,6,55666.867,2042-02-10
2042,7,59527.254,2042-02-17
2042,8,55515.36,2042-02-24
2042,9,54097.707,2042-03-03
2042,10,56907.074,2042-03-10
2042,11,54769.42,2042-03-17
2042,12,53807.742,2042-03-24
2042,13,53517.97,2042-03-31
2042,14,52397.234,2042-04-07
2042,15,53019.14,2042-04-14
2042,16,53296.234,2042-04-21
2042,17,53436.15,2042-04-28
2042,18,55767.29,2042-05-05
2042,19,59460.793,2042-05-12
2042,20,55001.64,2042-05-19
2042,21,58055.46,2042-05-26
2042,22,56485.67,2042-06-02
2042,23,61381.23,2042-06-09
2042,24,59083.664,2042-06-16
2042,25,59628.867,2042-06-23
2042,26,57584.79,2042-06-30
2042,27,61519.582,2042-07-07
2042,28,61571.85,2042-07-14
2042,29,62896.25,2042-07-21
2042,30,58783.938,2042-07-28
2042,31,55324.773,2042-08-04
2042,32,59322.305,2042-08-11
2042,33,57659.25,2042-08-18
2042,34,54018.453,2042-08-25
2042,35,53338.254,2042-09-01
2042,36,55149.316,2042-09-08
2042,37,51390.273,2042-09-15
2042,38,52631.566,2042-09-22
2042,39,54600.242,2042-09-29
2042,40,53928.527,2042-10-06
2042,41,51807.516,2042-10-13
2042,42,52692.09,2042-10-20
2042,43,52947.04,2042-10-27
2042,44,53111.6,2042-11-03
2042,45,54456.258,2042-11-10
2042,46,54401.336,2042-11-17
2042,47,53701.867,2042-11-24
2042,48,52580.37,2042-12-01
2042,49,52849.14,2042-12-08
2042,50,51669.22,2042-12-15
2042,51,53610.617,2042-12-22
2042,52,53251.094,2042-12-29
2043,1,35936.35,2043-01-05
2043,2,57002.953,2043-01-12
2043,3,59149.72,2043-01-19
2043,4,58313.664,2043-01-26
2043,5,55406.2,2043-02-02
2043,6,56111.582,2043-02-09
2043,7,54336.266,2043-02-16
2043,8,57215.195,2043-02-23
2043,9,53534.027,2043-03-02
2043,10,55225.734,2043-03-09
2043,11,52814.46,2043-03-16
2043,12,56110.527,2043-03-23
2043,13,52540.516,2043-03-30
2043,14,52311.19,2043-04-06
2043,15,52257.43,2043-04-13
2043,16,52751.117,2043-04-20
2043,17,52243.227,2043-04-27
2043,18,53806.29,2043-05-04
2043,19,53915.332,2043-05-11
2043,20,56669.11,2043-05-18
2043,21,56029.316,2043-05-25
2043,22,55960.07,2043-06-01
2043,23,58830.83,2043-06-08
2043,24,57881.65,2043-06-15
2043,25,60591.453,2043-06-22
2043,26,59038.13,2043-06-29
2043,27,60383.85,2043-07-06
2043,28,58658.703,2043-07-13
2043,29,58719.52,2043-07-20
2043,30,58414.836,2043-07-27
2043,31,56627.668,2043-08-03
2043,32,56256.848,2043-08-10
2043,33,56299.582,2043-08-17
2043,34,54348.996,2043-08-24
2043,35,51815.02,2043-08-31
2043,36,51514.34,2043-09-07
2043,37,51996.426,2043-09-14
2043,38,51425.03,2043-09-21
2043,39,50225.516,2043-09-28
2043,40,50924.906,2043-10-05
2043,41,51438.57,2043-10-12
2043,42,52352.7,2043-10-19
2043,43,50310.535,2043-10-26
2043,44,50649.777,2043-11-02
2043,45,53109.31,2043-11-09
2043,46,51129.66,2043-11-16
2043,47,50717.26,2043-11-23
2043,48,52320.977,2043-11-30
2043,49,53261.836,2043-12-07
2043,50,52925.85,2043-12-14
2043,51,58043.617,2043-12-21
2043,52,53453.96,2043-12-28
2043,53,32881.363,2044-01-04
2044,1,58202.2,2044-01-04
2044,2,58528.992,2044-01-11
2044,3,55072.914,2044-01-18
2044,4,57395.527,2044-01-25
2044,5,55702.164,2044-02-01
2044,6,56548.156,2044-02-08
2044,7,54288.332,2044-02-15
2044,8,54059.188,2044-02-22
2044,9,54886.453,2044-02-29
2044,10,53530.117,2044-03-07
2044,11,54579.92,2044-03-14
2044,12,53819.957,2044-03-21
2044,13,52539.52,2044-03-28
2044,14,51741.234,2044-04-04
2044,15,51410.14,2044-04-11
2044,16,52284.195,2044-04-18
2044,17,55439.09,2044-04-25
2044,18,52967.445,2044-05-02
2044,19,53689.89,2044-05-09
2044,20,52245.418,2044-05-16
2044,21,55051.844,2044-05-23
2044,22,56563.117,2044-05-30
2044,23,57080.293,2044-06-06
2044,24,58686.113,2044-06-13
2044,25,59259.258,2044-06-20
2044,26,60252.664,2044-06-27
2044,27,60714.586,2044-07-04
2044,28,59618.848,2044-07-11
2044,29,57606.48,2044-07-18
2044,30,58607.0,2044-07-25
2044,31,58653.805,2044-08-01
2044,32,57774.625,2044-08-08
2044,33,55524.445,2044-08-15
2044,34,54086.277,2044-08-22
2044,35,53488.25,2044-08-29
2044,36,51349.082,2044-09-05
2044,37,52307.535,2044-09-12
2044,38,50698.77,2044-09-19
2044,39,50609.285,2044-09-26
2044,40,52016.594,2044-10-03
2044,41,51650.254,2044-10-10
2044,42,52143.01,2044-10-17
2044,43,51954.64,2044-10-24
2044,44,50581.43,2044-10-31
2044,45,51984.875,2044-11-07
2044,46,56254.773,2044-11-14
2044,47,53460.91,2044-11-21
2044,48,53103.59,2044-11-28
2044,49,51038.656,2044-12-05
2044,50,53103.75,2044-12-12
2044,51,53295.58,2044-12-19
2044,52,52002.016,2044-12-26
2044,53,23983.566,2045-01-02
2045,1,58785.883,2045-01-02
2045,2,57525.043,2045-01-09
2045,3,58207.266,2045-01-16
2045,4,51845.344,2045-01-23
2045,5,56072.55,2045-01-30
2045,6,56593.723,2045-02-06
2045,7,56173.33,2045-02-13
2045,8,55335.562,2045-02-20
2045,9,54477.508,2045-02-27
2045,10,52867.473,2045-03-06
2045,11,53448.523,2045-03-13
2045,12,51643.27,2045-03-20
2045,13,52745.906,2045-03-27
2045,14,51282.69,2045-04-03
2045,15,55677.047,2045-04-10
2045,16,52960.566,2045-04-17
2045,17,52562.94,2045-04-24
2045,18,55298.4,2045-05-01
2045,19,55960.016,2045-05-08
2045,20,56933.473,2045-05-15
2045,21,59847.96,2045-05-22
2045,22,58130.887,2045-05-29
2045,23,57456.273,2045-06-05
2045,24,60534.543,2045-06-12
2045,25,59805.676,2045-06-19
2045,26,63803.227,2045-06-26
2045,27,62528.703,2045-07-03
2045,28,62553.92,2045-07-10
2045,29,58412.79,2045-07-17
2045,30,59536.68,2045-07-24
2045,31,60076.816,2045-07-31
2045,32,56875.867,2045-08-07
2045,33,54644.94,2045-08-14
2045,34,55669.504,2045-08-21
2045,35,53783.89,2045-08-28
2045,36,51166.7,2045-09-04
2045,37,52621.605,2045-09-11
2045,38,53239.707,2045-09-18
2045,39,53565.82,2045-09-25
2045,40,51766.88,2045-10-02
2045,41,53235.96,2045-10-09
2045,42,51132.227,2045-10-16
2045,43,51699.133,2045-10-23
2045,44,51604.0,2045-10-30
2045,45,52534.727,2045-11-06
2045,46,56361.293,2045-11-13
2045,47,54480.87,2045-11-20
2045,48,53842.387,2045-11-27
2045,49,54175.59,2045-12-04
2045,50,56524.754,2045-12-11
2045,51,51413.8,2045-12-18
2045,52,66234.58,2045-12-25
2046,1,69722.09,2046-01-01
2046,2,54607.656,2046-01-08
2046,3,62536.09,2046-01-15
2046,4,56195.12,2046-01-22
2046,5,56845.645,2046-01-29
2046,6,58876.594,2046-02-05
2046,7,56006.742,2046-02-12
2046,8,54764.555,2046-02-19
2046,9,52970.465,2046-02-26
2046,10,55343.902,2046-03-05
2046,11,55370.83,2046-03-12
2046,12,53881.402,2046-03-19
2046,13,55360.03,2046-03-26
2046,14,56703.875,2046-04-02
2046,15,52352.863,2046-04-09
2046,16,51871.324,2046-04-16
2046,17,52514.977,2046-04-23
2046,18,54764.277,2046-04-30
2046,19,54162.44,2046-05-07
2046,20,53270.344,2046-05-14
2046,21,55640.188,2046-05-21
2046,22,57682.562,2046-05-28
2046,23,57831.848,2046-06-04
2046,24,59083.105,2046-06-11
2046,25,61102.06,2046-06-18
2046,26,57854.113,2046-06-25
2046,27,60655.945,2046-07-02
2046,28,60639.445,2046-07-09
2046,29,58949.816,2046-07-16
2046,30,55569.92,2046-07-23
2046,31,57451.125,2046-07-30
2046,32,57147.996,2046-08-06
2046,33,57894.836,2046-08-13
2046,34,58733.414,2046-08-20
2046,35,56962.965,2046-08-27
2046,36,50182.24,2046-09-03
2046,37,52863.562,2046-09-10
2046,38,52777.434,2046-09-17
2046,39,52650.266,2046-09-24
2046,40,51897.05,2046-10-01
2046,41,51281.414,2046-10-08
2046,42,50291.027,2046-10-15
2046,43,53236.586,2046-10-22
2046,44,51757.76,2046-10-29
2046,45,51007.99,2046-11-05
2046,46,50780.77,2046-11-12
2046,47,50838.24,2046-11-19
2046,48,51976.08,2046-11-26
2046,49,53390.92,2046-12-03
2046,50,53611.984,2046-12-10
2046,51,57708.133,2046-12-17
2046,52,58280.96,2046-12-24
2047,1,67933.37,2047-01-07
2047,2,54839.43,2047-01-14
2047,3,59880.195,2047-01-21
2047,4,56903.652,2047-01-28
2047,5,57955.92,2047-02-04
2047,6,58080.52,2047-02-11
2047,7,56136.82,2047-02-18
2047,8,53151.344,2047-02-25
2047,9,54987.63,2047-03-04
2047,10,51321.957,2047-03-11
2047,11,54333.734,2047-03-18
2047,12,54917.33,2047-03-25
2047,13,51052.137,2047-04-01
2047,14,51513.848,2047-04-08
2047,15,51257.645,2047-04-15
2047,16,53078.1,2047-04-22
2047,17,52181.91,2047-04-29
2047,18,53140.33,2047-05-06
2047,19,55409.195,2047-05-13
2047,20,56362.59,2047-05-20
2047,21,55890.52,2047-05-27
2047,22,56991.28,2047-06-03
2047,23,61084.688,2047-06-10
2047,24,58062.324,2047-06-17
2047,25,60818.5,2047-06-24
2047,26,63225.05,2047-07-01
2047,27,58995.83,2047-07-08
2047,28,60003.71,2047-07-15
2047,29,59544.71,2047-07-22
2047,30,58025.594,2047-07-29
2047,31,60227.34,2047-08-05
2047,32,56502.785,2047-08-12
2047,33,56455.242,2047-08-19
2047,34,56483.984,2047-08-26
2047,35,54763.42,2047-09-02
2047,36,54835.16,2047-09-09
2047,37,52327.977,2047-09-16
2047,38,51676.457,2047-09-23
2047,39,54155.52,2047-09-30
2047,40,52243.516,2047-10-07
2047,41,53223.516,2047-10-14
2047,42,52578.5,2047-10-21
2047,43,52927.387,2047-10-28
2047,44,52592.47,2047-11-04
2047,45,55698.293,2047-11-11
2047,46,52878.68,2047-11-18
2047,47,54506.14,2047-11-25
2047,48,54176.28,2047-12-02
2047,49,55825.29,2047-12-09
2047,50,52985.133,2047-12-16
2047,51,53747.293,2047-12-23
2047,52,57963.36,2047-12-30
2048,1,40916.105,2048-01-06
2048,2,59510.83,2048-01-13
2048,3,58824.582,2048-01-20
2048,4,62548.53,2048-01-27
2048,5,62700.617,2048-02-03
2048,6,55622.508,2048-02-10
2048,7,58802.836,2048-02-17
2048,8,56223.6,2048-02-24
2048,9,53176.707,2048-03-02
2048,10,56396.445,2048-03-09
2048,11,54849.19,2048-03-16
2048,12,52679.383,2048-03-23
2048,13,53039.64,2048-03-30
2048,14,52383.562,2048-04-06
2048,15,52329.773,2048-04-13
2048,16,52987.91,2048-04-20
2048,17,53459.82,2048-04-27
2048,18,55228.14,2048-05-04
2048,19,59070.0,2048-05-11
2048,20,54245.523,2048-05-18
2048,21,57452.926,2048-05-25
2048,22,57637.45,2048-06-01
2048,23,59823.89,2048-06-08
2048,24,58807.383,2048-06-15
2048,25,58826.887,2048-06-22
2048,26,57378.15,2048-06-29
2048,27,61171.043,2048-07-06
2048,28,61973.957,2048-07-13
2048,29,61558.695,2048-07-20
2048,30,57979.82,2048-07-27
2048,31,55980.297,2048-08-03
2048,32,57870.734,2048-08-10
2048,33,57490.2,2048-08-17
2048,34,53160.04,2048-08-24
2048,35,52477.016,2048-08-31
2048,36,55080.46,2048-09-07
2048,37,50502.4,2048-09-14
2048,38,52524.008,2048-09-21
2048,39,54855.023,2048-09-28
2048,40,52873.23,2048-10-05
2048,41,51486.477,2048-10-12
2048,42,52832.285,2048-10-19
2048,43,52368.105,2048-10-26
2048,44,53380.24,2048-11-02
2048,45,53897.156,2048-11-09
2048,46,54413.77,2048-11-16
2048,47,53683.5,2048-11-23
2048,48,52119.895,2048-11-30
2048,49,52136.234,2048-12-07
2048,50,51704.45,2048-12-14
2048,51,53567.36,2048-12-21
2048,52,53451.125,2048-12-28
2048,53,33862.15,2049-01-04
2049,1,57425.875,2049-01-04
2049,2,58830.766,2049-01-11
2049,3,58652.11,2049-01-18
2049,4,54531.28,2049-01-25
2049,5,55610.426,2049-02-01
2049,6,54237.152,2049-02-08
2049,7,57077.14,2049-02-15
2049,8,53314.188,2049-02-22
2049,9,54909.85,2049-03-01
2049,10,52191.727,2049-03-08
2049,11,56366.594,2049-03-15
2049,12,51618.43,2049-03-22
2049,13,51773.715,2049-03-29
2049,14,51909.46,2049-04-05
2049,15,52206.08,2049-04-12
2049,16,51886.105,2049-04-19
2049,17,53353.363,2049-04-26
2049,18,53939.66,2049-05-03
2049,19,56983.52,2049-05-10
2049,20,55164.1,2049-05-17
2049,21,56321.734,2049-05-24
2049,22,58357.17,2049-05-31
2049,23,57858.32,2049-06-07
2049,24,59872.434,2049-06-14
2049,25,59281.93,2049-06-21
2049,26,60309.25,2049-06-28
2049,27,57813.266,2049-07-05
2049,28,59221.926,2049-07-12
2049,29,57757.47,2049-07-19
2049,30,56782.43,2049-07-26
2049,31,55160.9,2049-08-02
2049,32,56979.305,2049-08-09
2049,33,52901.676,2049-08-16
2049,34,50949.117,2049-08-23
2049,35,51276.746,2049-08-30
2049,36,51572.656,2049-09-06
2049,37,51020.2,2049-09-13
2049,38,50196.863,2049-09-20
2049,39,51204.625,2049-09-27
2049,40,50499.496,2049-10-04
2049,41,51690.383,2049-10-11
2049,42,50022.35,2049-10-18
2049,43,51000.777,2049-10-25
2049,44,52427.723,2049-11-01
2049,45,51292.07,2049-11-08
2049,46,51055.258,2049-11-15
2049,47,51481.258,2049-11-22
2049,48,53472.805,2049-11-29
2049,49,53226.31,2049-12-06
2049,50,57349.55,2049-12-13
2049,51,54870.484,2049-12-20
2049,52,40125.41,2049-12-27
2049,53,26496.791,2050-01-03
2050,1,59140.164,2050-01-03
2050,2,57460.19,2050-01-10
2050,3,55490.11,2050-01-17
2050,4,56437.734,2050-01-24
2050,5,56508.367,2050-01-31
2050,6,55848.547,2050-02-07
2050,7,54126.703,2050-02-14
2050,8,53966.93,2050-02-21
2050,9,54400.133,2050-02-28
2050,10,53747.58,2050-03-07
2050,11,54047.01,2050-03-14
2050,12,53785.867,2050-03-21
2050,13,52249.58,2050-03-28
2050,14,50715.51,2050-04-04
2050,15,51206.418,2050-04-11
2050,16,52246.688,2050-04-18
2050,17,55163.324,2050-04-25
2050,18,52787.508,2050-05-02
2050,19,53210.73,2050-05-09
2050,20,52080.473,2050-05-16
2050,21,55422.695,2050-05-23
2050,22,56610.812,2050-05-30
2050,23,56964.1,2050-06-06
2050,24,58234.94,2050-06-13
2050,25,59826.395,2050-06-20
2050,26,59825.7,2050-06-27
2050,27,60222.016,2050-07-04
2050,28,59790.375,2050-07-11
2050,29,56209.89,2050-07-18
2050,30,58957.07,2050-07-25
2050,31,58860.875,2050-08-01
2050,32,57232.535,2050-08-08
2050,33,54776.28,2050-08-15
2050,34,54124.484,2050-08-22
2050,35,52367.918,2050-08-29
2050,36,51451.965,2050-09-05
2050,37,51981.06,2050-09-12
2050,38,50210.18,2050-09-19
2050,39,50375.703,2050-09-26
2050,40,52024.727,2050-10-03
2050,41,51468.285,2050-10-10
2050,42,52182.33,2050-10-17
2050,43,51195.754,2050-10-24
2050,44,50777.188,2050-10-31
2050,45,52670.777,2050-11-07
2050,46,55233.344,2050-11-14
2050,47,53811.055,2050-11-21
2050,48,52643.418,2050-11-28
2050,49,51203.54,2050-12-05
2050,50,53162.95,2050-12-12
2050,51,54446.52,2050-12-19
2050,52,67352.97,2050-12-26
2051,1,58311.07,2051-01-02
2051,2,57595.594,2051-01-09
2051,3,56528.25,2051-01-16
2051,4,51954.797,2051-01-23
2051,5,56541.203,2051-01-30
2051,6,56399.473,2051-02-06
2051,7,55757.848,2051-02-13
2051,8,54637.04,2051-02-20
2051,9,54724.816,2051-02-27
2051,10,52862.434,2051-03-06
2051,11,52593.484,2051-03-13
2051,12,51779.64,2051-03-20
2051,13,51849.535,2051-03-27
2051,14,51508.004,2051-04-03
2051,15,55356.47,2051-04-10
2051,16,53121.438,2051-04-17
2051,17,52609.43,2051-04-24
2051,18,55461.57,2051-05-01
2051,19,54867.586,2051-05-08
2051,20,57412.324,2051-05-15
2051,21,60652.547,2051-05-22
2051,22,57220.42,2051-05-29
2051,23,58061.793,2051-06-05
2051,24,60141.996,2051-06-12
2051,25,60550.727,2051-06-19
2051,26,63377.375,2051-06-26
2051,27,63080.305,2051-07-03
2051,28,60872.145,2051-07-10
2051,29,58537.887,2051-07-17
2051,30,59434.77,2051-07-24
2051,31,59404.582,2051-07-31
2051,32,56604.832,2051-08-07
2051,33,54390.52,2051-08-14
2051,34,55284.008,2051-08-21
2051,35,53958.473,2051-08-28
2051,36,50543.742,2051-09-04
2051,37,53334.96,2051-09-11
2051,38,52277.375,2051-09-18
2051,39,53689.4,2051-09-25
2051,40,51623.97,2051-10-02
2051,41,52994.703,2051-10-09
2051,42,51055.76,2051-10-16
2051,43,52100.402,2051-10-23
2051,44,51640.508,2051-10-30
2051,45,53843.316,2051-11-06
2051,46,55491.617,2051-11-13
2051,47,53921.566,2051-11-20
2051,48,54312.97,2051-11-27
2051,49,53734.08,2051-12-04
2051,50,56357.582,2051-12-11
2051,51,51713.82,2051-12-18
2051,52,68241.48,2051-12-25
2052,1,74196.93,2052-01-01
2052,2,55970.656,2052-01-08
2052,3,62798.656,2052-01-15
2052,4,54780.387,2052-01-22
2052,5,57533.39,2052-01-29
2052,6,59342.934,2052-02-05
2052,7,55441.32,2052-02-12
2052,8,54669.375,2052-02-19
2052,9,52797.24,2052-02-26
2052,10,56586.9,2052-03-04
2052,11,54325.12,2052-03-11
2052,12,53812.93,2052-03-18
2052,13,54870.434,2052-03-25
2052,14,56302.035,2052-04-01
2052,15,51867.547,2052-04-08
2052,16,51740.605,2052-04-15
2052,17,52605.266,2052-04-22
2052,18,54682.53,2052-04-29
2052,19,54208.51,2052-05-06
2052,20,53234.965,2052-05-13
2052,21,55559.805,2052-05-20
2052,22,58130.156,2052-05-27
2052,23,58510.29,2052-06-03
2052,24,58858.234,2052-06-10
2052,25,60982.98,2052-06-17
2052,26,57720.13,2052-06-24
2052,27,61541.402,2052-07-01
2052,28,60596.926,2052-07-08
2052,29,57343.695,2052-07-15
2052,30,56556.26,2052-07-22
2052,31,57468.242,2052-07-29
2052,32,57314.668,2052-08-05
2052,33,57795.22,2052-08-12
2052,34,58324.117,2052-08-19
2052,35,56116.02,2052-08-26
2052,36,50458.582,2052-09-02
2052,37,52200.105,2052-09-09
2052,38,53010.617,2052-09-16
2052,39,52787.863,2052-09-23
2052,40,51501.57,2052-09-30
2052,41,51256.62,2052-10-07
2052,42,50235.383,2052-10-14
2052,43,53698.336,2052-10-21
2052,44,51365.88,2052-10-28
2052,45,51103.11,2052-11-04
2052,46,50620.215,2052-11-11
2052,47,51299.1,2052-11-18
2052,48,52441.09,2052-11-25
2052,49,53759.773,2052-12-02
2052,50,52684.055,2052-12-09
2052,51,59359.492,2052-12-16
2052,52,58229.797,2052-12-23
2053,1,68482.05,2053-01-06
2053,2,54481.83,2053-01-13
2053,3,59665.07,2053-01-20
2053,4,56740.547,2053-01-27
2053,5,58539.832,2053-02-03
2053,6,56812.938,2053-02-10
2053,7,56003.766,2053-02-17
2053,8,52840.11,2053-02-24
2053,9,55216.42,2053-03-03
2053,10,51028.29,2053-03-10
2053,11,54033.492,2053-03-17
2053,12,54796.25,2053-03-24
2053,13,51372.58,2053-03-31
2053,14,50983.516,2053-04-07
2053,15,51348.91,2053-04-14
2053,16,53036.734,2053-04-21
2053,17,52593.15,2053-04-28
2053,18,53241.484,2053-05-05
2053,19,55106.39,2053-05-12
2053,20,57028.992,2053-05-19
2053,21,55599.152,2053-05-26
2053,22,57994.97,2053-06-02
2053,23,60546.32,2053-06-09
2053,24,58435.473,2053-06-16
2053,25,61761.535,2053-06-23
2053,26,62310.824,2053-06-30
2053,27,58514.78,2053-07-07
2053,28,61072.23,2053-07-14
2053,29,59624.58,2053-07-21
2053,30,57611.65,2053-07-28
2053,31,60111.56,2053-08-04
2053,32,56706.516,2053-08-11
2053,33,56431.4,2053-08-18
2053,34,56062.383,2053-08-25
2053,35,55291.812,2053-09-01
2053,36,54113.633,2053-09-08
2053,37,52485.207,2053-09-15
2053,38,52083.92,2053-09-22
2053,39,54468.145,2053-09-29
2053,40,52367.418,2053-10-06
2053,41,52924.445,2053-10-13
2053,42,52606.906,2053-10-20
2053,43,52834.684,2053-10-27
2053,44,53350.598,2053-11-03
2053,45,55549.973,2053-11-10
2053,46,53251.625,2053-11-17
2053,47,54494.297,2053-11-24
2053,48,54998.734,2053-12-01
2053,49,55645.73,2053-12-08
2053,50,52359.266,2053-12-15
2053,51,54474.418,2053-12-22
2053,52,58132.08,2053-12-29
2054,1,34017.477,2054-01-05
2054,2,59118.508,2054-01-12
2054,3,60341.766,2054-01-19
2054,4,63380.562,2054-01-26
2054,5,60365.855,2054-02-02
2054,6,56361.332,2054-02-09
2054,7,58131.758,2054-02-16
2054,8,56548.195,2054-02-23
2054,9,53638.895,2054-03-02
2054,10,56015.92,2054-03-09
2054,11,54957.508,2054-03-16
2054,12,52608.11,2054-03-23
2054,13,52745.383,2054-03-30
2054,14,52725.77,2054-04-06
2054,15,52403.164,2054-04-13
2054,16,52696.258,2054-04-20
2054,17,53396.676,2054-04-27
2054,18,56935.58,2054-05-04
2054,19,58202.15,2054-05-11
2054,20,54492.836,2054-05-18
2054,21,57007.547,2054-05-25
2054,22,59234.742,2054-06-01
2054,23,59013.336,2054-06-08
2054,24,59474.406,2054-06-15
2054,25,58559.67,2054-06-22
2054,26,57601.062,2054-06-29
2054,27,62139.95,2054-07-06
2054,28,61120.03,2054-07-13
2054,29,61998.727,2054-07-20
2054,30,57064.848,2054-07-27
2054,31,57134.973,2054-08-03
2054,32,58191.027,2054-08-10
2054,33,56432.65,2054-08-17
2054,34,53022.87,2054-08-24
2054,35,52414.71,2054-08-31
2054,36,55145.234,2054-09-07
2054,37,50494.188,2054-09-14
2054,38,53601.867,2054-09-21
2054,39,54494.367,2054-09-28
2054,40,52626.516,2054-10-05
2054,41,51511.86,2054-10-12
2054,42,53770.03,2054-10-19
2054,43,51603.57,2054-10-26
2054,44,54431.418,2054-11-02
2054,45,53384.91,2054-11-09
2054,46,54994.184,2054-11-16
2054,47,53887.35,2054-11-23
2054,48,51895.03,2054-11-30
2054,49,52131.83,2054-12-07
2054,50,52322.547,2054-12-14
2054,51,53534.906,2054-12-21
2054,52,54281.38,2054-12-28
2054,53,36312.453,2055-01-04
2055,1,58580.46,2055-01-04
2055,2,57621.926,2055-01-11
2055,3,58002.125,2055-01-18
2055,4,55314.766,2055-01-25
2055,5,54856.71,2055-02-01
2055,6,54270.473,2055-02-08
2055,7,57388.113,2055-02-15
2055,8,53387.203,2055-02-22
2055,9,54972.18,2055-03-01
2055,10,52593.633,2055-03-08
2055,11,55169.445,2055-03-15
2055,12,52091.15,2055-03-22
2055,13,51623.156,2055-03-29
2055,14,51761.586,2055-04-05
2055,15,52148.48,2055-04-12
2055,16,51995.484,2055-04-19
2055,17,53433.44,2055-04-26
2055,18,54527.008,2055-05-03
2055,19,57193.92,2055-05-10
2055,20,55146.965,2055-05-17
2055,21,56580.586,2055-05-24
2055,22,58974.625,2055-05-31
2055,23,58745.938,2055-06-07
2055,24,59620.785,2055-06-14
2055,25,59299.723,2055-06-21
2055,26,60933.8,2055-06-28
2055,27,57400.355,2055-07-05
2055,28,60252.324,2055-07-12
2055,29,57758.48,2055-07-19
2055,30,56865.457,2055-07-26
2055,31,55192.42,2055-08-02
2055,32,56995.668,2055-08-09
2055,33,52006.74,2055-08-16
2055,34,51137.098,2055-08-23
2055,35,51752.906,2055-08-30
2055,36,51768.44,2055-09-06
2055,37,50743.24,2055-09-13
2055,38,50213.91,2055-09-20
2055,39,51142.895,2055-09-27
2055,40,50562.094,2055-10-04
2055,41,52087.023,2055-10-11
2055,42,50007.25,2055-10-18
2055,43,52117.95,2055-10-25
2055,44,51348.24,2055-11-01
2055,45,52054.953,2055-11-08
2055,46,50919.617,2055-11-15
2055,47,51338.418,2055-11-22
2055,48,54468.402,2055-11-29
2055,49,54940.043,2055-12-06
2055,50,55698.99,2055-12-13
2055,51,55970.066,2055-12-20
2055,52,39669.336,2055-12-27
2055,53,25092.922,2056-01-03
2056,1,59869.42,2056-01-03
2056,2,57100.633,2056-01-10
2056,3,56109.52,2056-01-17
2056,4,55603.31,2056-01-24
2056,5,57282.875,2056-01-31
2056,6,55191.227,2056-02-07
2056,7,54708.477,2056-02-14
2056,8,54434.055,2056-02-21
2056,9,54460.75,2056-02-28
2056,10,53637.516,2056-03-06
2056,11,54198.18,2056-03-13
2056,12,53876.902,2056-03-20
2056,13,52267.45,2056-03-27
2056,14,50342.46,2056-04-03
2056,15,51597.41,2056-04-10
2056,16,52596.67,2056-04-17
2056,17,55182.727,2056-04-24
2056,18,52839.97,2056-05-01
2056,19,53252.742,2056-05-08
2056,20,52403.65,2056-05-15
2056,21,55720.164,2056-05-22
2056,22,57750.844,2056-05-29
2056,23,56977.43,2056-06-05
2056,24,58668.984,2056-06-12
2056,25,60237.383,2056-06-19
2056,26,59745.516,2056-06-26
2056,27,60934.457,2056-07-03
2056,28,59558.445,2056-07-10
2056,29,55952.742,2056-07-17
2056,30,59563.273,2056-07-24
2056,31,58867.29,2056-07-31
2056,32,56991.094,2056-08-07
2056,33,55068.31,2056-08-14
2056,34,54326.277,2056-08-21
2056,35,52470.707,2056-08-28
2056,36,51605.03,2056-09-04
2056,37,51334.812,2056-09-11
2056,38,50380.19,2056-09-18
2056,39,50593.938,2056-09-25
2056,40,52352.805,2056-10-02
2056,41,51777.875,2056-10-09
2056,42,52690.34,2056-10-16
2056,43,50530.684,2056-10-23
2056,44,52263.277,2056-10-30
2056,45,53116.17,2056-11-06
2056,46,53899.586,2056-11-13
2056,47,54453.562,2056-11-20
2056,48,52047.047,2056-11-27
2056,49,51794.062,2056-12-04
2056,50,53384.93,2056-12-11
2056,51,56213.395,2056-12-18
2056,52,76327.984,2056-12-25
2057,1,66820.71,2057-01-01
2057,2,57955.332,2057-01-08
2057,3,54974.48,2057-01-15
2057,4,52297.727,2057-01-22
2057,5,56970.402,2057-01-29
2057,6,56687.79,2057-02-05
2057,7,55647.23,2057-02-12
2057,8,54078.285,2057-02-19
2057,9,55292.76,2057-02-26
2057,10,52897.203,2057-03-05
2057,11,52246.76,2057-03-12
2057,12,52490.32,2057-03-19
2057,13,51561.73,2057-03-26
2057,14,52236.285,2057-04-02
2057,15,55068.47,2057-04-09
2057,16,53367.29,2057-04-16
2057,17,53032.766,2057-04-23
2057,18,55771.957,2057-04-30
2057,19,55401.582,2057-05-07
2057,20,57575.137,2057-05-14
2057,21,61654.89,2057-05-21
2057,22,57042.438,2057-05-28
2057,23,58841.305,2057-06-04
2057,24,60095.367,2057-06-11
2057,25,61490.484,2057-06-18
2057,26,64114.625,2057-06-25
2057,27,63116.64,2057-07-02
2057,28,59846.77,2057-07-09
2057,29,58796.445,2057-07-16
2057,30,60236.36,2057-07-23
2057,31,59274.605,2057-07-30
2057,32,56368.008,2057-08-06
2057,33,54729.06,2057-08-13
2057,34,55366.65,2057-08-20
2057,35,54130.438,2057-08-27
2057,36,51025.668,2057-09-03
2057,37,54212.76,2057-09-10
2057,38,51682.11,2057-09-17
2057,39,53865.504,2057-09-24
2057,40,52522.562,2057-10-01
2057,41,52721.523,2057-10-08
2057,42,51234.066,2057-10-15
2057,43,52663.633,2057-10-22
2057,44,52055.324,2057-10-29
2057,45,56043.05,2057-11-05
2057,46,53505.71,2057-11-12
2057,47,54228.21,2057-11-19
2057,48,55586.227,2057-11-26
2057,49,54025.273,2057-12-03
2057,50,55784.22,2057-12-10
2057,51,53630.02,2057-12-17
2057,52,60653.75,2057-12-24
2058,1,65315.344,2058-01-07
2058,2,57959.473,2058-01-14
2058,3,62655.938,2058-01-21
2058,4,53965.906,2058-01-28
2058,5,58493.527,2058-02-04
2058,6,59408.832,2058-02-11
2058,7,55010.773,2058-02-18
2058,8,55256.03,2058-02-25
2058,9,52655.344,2058-03-04
2058,10,57496.57,2058-03-11
2058,11,53381.66,2058-03-18
2058,12,54941.49,2058-03-25
2058,13,54659.324,2058-04-01
2058,14,56049.133,2058-04-08
2058,15,51947.266,2058-04-15
2058,16,51795.92,2058-04-22
2058,17,52728.805,2058-04-29
2058,18,54704.234,2058-05-06
2058,19,54313.395,2058-05-13
2058,20,54476.652,2058-05-20
2058,21,55634.473,2058-05-27
2058,22,58450.93,2058-06-03
2058,23,59065.945,2058-06-10
2058,24,59705.246,2058-06-17
2058,25,60943.227,2058-06-24
2058,26,57906.152,2058-07-01
2058,27,62795.12,2058-07-08
2058,28,60509.465,2058-07-15
2058,29,56872.523,2058-07-22
2058,30,57376.098,2058-07-29
2058,31,57138.195,2058-08-05
2058,32,57949.74,2058-08-12
2058,33,58336.953,2058-08-19
2058,34,58905.645,2058-08-26
2058,35,54751.72,2058-09-02
2058,36,51221.406,2058-09-09
2058,37,52670.562,2058-09-16
2058,38,52485.32,2058-09-23
2058,39,52758.484,2058-09-30
2058,40,52235.863,2058-10-07
2058,41,51517.336,2058-10-14
2058,42,50675.63,2058-10-21
2058,43,54271.176,2058-10-28
2058,44,51175.0,2058-11-04
2058,45,51377.117,2058-11-11
2058,46,50630.18,2058-11-18
2058,47,52061.797,2058-11-25
2058,48,52797.156,2058-12-02
2058,49,54934.83,2058-12-09
2058,50,52124.594,2058-12-16
2058,51,60668.477,2058-12-23
2058,52,57271.33,2058-12-30
2059,1,67360.3,2059-01-06
2059,2,55497.18,2059-01-13
2059,3,59389.453,2059-01-20
2059,4,57240.535,2059-01-27
2059,5,58922.44,2059-02-03
2059,6,55437.035,2059-02-10
2059,7,56283.312,2059-02-17
2059,8,53163.152,2059-02-24
2059,9,55063.36,2059-03-03
2059,10,51498.312,2059-03-10
2059,11,54227.633,2059-03-17
2059,12,54468.965,2059-03-24
2059,13,51996.086,2059-03-31
2059,14,50958.64,2059-04-07
2059,15,51893.676,2059-04-14
2059,16,53073.875,2059-04-21
2059,17,53359.6,2059-04-28
2059,18,53587.87,2059-05-05
2059,19,55541.586,2059-05-12
2059,20,57383.76,2059-05-19
2059,21,55804.17,2059-05-26
2059,22,58934.453,2059-06-02
2059,23,60687.625,2059-06-09
2059,24,58391.832,2059-06-16
2059,25,63199.82,2059-06-23
2059,26,62068.3,2059-06-30
2059,27,58674.863,2059-07-07
2059,28,61956.445,2059-07-14
2059,29,59731.79,2059-07-21
2059,30,58065.586,2059-07-28
2059,31,60080.727,2059-08-04
2059,32,55854.805,2059-08-11
2059,33,57950.95,2059-08-18
2059,34,55819.953,2059-08-25
2059,35,56274.94,2059-09-01
2059,36,53734.703,2059-09-08
2059,37,52725.543,2059-09-15
2059,38,52663.68,2059-09-22
2059,39,54428.176,2059-09-29
2059,40,52849.89,2059-10-06
2059,41,53030.066,2059-10-13
2059,42,53226.184,2059-10-20
2059,43,53302.46,2059-10-27
2059,44,53606.14,2059-11-03
2059,45,55779.85,2059-11-10
2059,46,54063.88,2059-11-17
2059,47,54285.484,2059-11-24
2059,48,56010.918,2059-12-01
2059,49,55364.312,2059-12-08
2059,50,52584.58,2059-12-15
2059,51,55395.03,2059-12-22
2059,52,58112.24,2059-12-29
2060,1,34951.684,2060-01-05
2060,2,59131.355,2060-01-12
2060,3,61607.12,2060-01-19
2060,4,63955.19,2060-01-26
2060,5,59152.414,2060-02-02
2060,6,57510.133,2060-02-09
2060,7,57315.543,2060-02-16
2060,8,56842.234,2060-02-23
2060,9,54273.824,2060-03-01
2060,10,55943.547,2060-03-08
2060,11,54908.203,2060-03-15
2060,12,53203.152,2060-03-22
2060,13,52610.45,2060-03-29
2060,14,53113.105,2060-04-05
2060,15,52546.23,2060-04-12
2060,16,53081.395,2060-04-19
2060,17,54020.023,2060-04-26
2060,18,58161.406,2060-05-03
2060,19,57742.402,2060-05-10
2060,20,54797.336,2060-05-17
2060,21,57212.54,2060-05-24
2060,22,60771.742,2060-05-31
2060,23,58757.133,2060-06-07
2060,24,59732.895,2060-06-14
2060,25,59217.418,2060-06-21
2060,26,58039.754,2060-06-28
2060,27,62672.58,2060-07-05
2060,28,61509.62,2060-07-12
2060,29,62024.74,2060-07-19
2060,30,56311.855,2060-07-26
2060,31,58848.047,2060-08-02
2060,32,57645.816,2060-08-09
2060,33,56415.887,2060-08-16
2060,34,53162.227,2060-08-23
2060,35,53213.363,2060-08-30
2060,36,54934.13,2060-09-06
2060,37,50727.2,2060-09-13
2060,38,54124.44,2060-09-20
2060,39,55378.164,2060-09-27
2060,40,52293.688,2060-10-04
2060,41,51832.445,2060-10-11
2060,42,54551.297,2060-10-18
2060,43,51827.305,2060-10-25
2060,44,54602.074,2060-11-01
2060,45,54087.977,2060-11-08
2060,46,55297.996,2060-11-15
2060,47,53546.664,2060-11-22
2060,48,53001.855,2060-11-29
2060,49,52220.562,2060-12-06
2060,50,53034.055,2060-12-13
2060,51,53519.25,2060-12-20
2060,52,55886.023,2060-12-27
2060,53,44038.758,2061-01-03
2061,1,57768.41,2061-01-03
2061,2,58977.77,2061-01-10
2061,3,57407.883,2061-01-17
2061,4,56351.14,2061-01-24
2061,5,54256.527,2061-01-31
2061,6,54958.227,2061-02-07
2061,7,57101.848,2061-02-14
2061,8,54121.367,2061-02-21
2061,9,55512.105,2061-02-28
2061,10,52795.793,2061-03-07
2061,11,54604.45,2061-03-14
2061,12,52542.523,2061-03-21
2061,13,51637.41,2061-03-28
2061,14,52930.695,2061-04-04
2061,15,51513.094,2061-04-11
2061,16,52203.918,2061-04-18
2061,17,54058.727,2061-04-25
2061,18,55342.996,2061-05-02
2061,19,57341.484,2061-05-09
2061,20,55862.195,2061-05-16
2061,21,57253.484,2061-05-23
2061,22,58903.7,2061-05-30
2061,23,60315.742,2061-06-06
2061,24,59635.97,2061-06-13
2061,25,59793.75,2061-06-20
2061,26,61411.945,2061-06-27
2061,27,56986.047,2061-07-04
2061,28,61213.297,2061-07-11
2061,29,57776.59,2061-07-18
2061,30,56777.242,2061-07-25
2061,31,55399.96,2061-08-01
2061,32,57127.0,2061-08-08
2061,33,52521.11,2061-08-15
2061,34,51172.94,2061-08-22
2061,35,52072.836,2061-08-29
2061,36,52262.305,2061-09-05
2061,37,50773.867,2061-09-12
2061,38,50800.79,2061-09-19
2061,39,51483.867,2061-09-26
2061,40,50833.723,2061-10-03
2061,41,52444.938,2061-10-10
2061,42,50862.637,2061-10-17
2061,43,52363.766,2061-10-24
2061,44,51289.35,2061-10-31
2061,45,52771.258,2061-11-07
2061,46,50998.805,2061-11-14
2061,47,51868.48,2061-11-21
2061,48,54789.57,2061-11-28
2061,49,56274.9,2061-12-05
2061,50,55995.586,2061-12-12
2061,51,56520.375,2061-12-19
2061,52,47685.016,2061-12-26
2061,53,17740.7,2062-01-02
2062,1,60414.336,2062-01-02
2062,2,55959.85,2062-01-09
2062,3,57517.734,2062-01-16
2062,4,55536.113,2062-01-23
2062,5,57938.05,2062-01-30
2062,6,54847.383,2062-02-06
2062,7,55300.613,2062-02-13
2062,8,54874.14,2062-02-20
2062,9,54747.527,2062-02-27
2062,10,53825.45,2062-03-06
2062,11,54456.93,2062-03-13
2062,12,54002.81,2062-03-20
2062,13,52724.05,2062-03-27
2062,14,50530.727,2062-04-03
2062,15,52373.812,2062-04-10
2062,16,53982.188,2062-04-17
2062,17,54582.258,2062-04-24
2062,18,53069.875,2062-05-01
2062,19,53561.46,2062-05-08
2062,20,53101.23,2062-05-15
2062,21,56207.78,2062-05-22
2062,22,58308.152,2062-05-29
2062,23,57806.887,2062-06-05
2062,24,59211.715,2062-06-12
2062,25,60854.176,2062-06-19
2062,26,60315.47,2062-06-26
2062,27,61093.734,2062-07-03
2062,28,59550.78,2062-07-10
2062,29,56640.367,2062-07-17
2062,30,59399.46,2062-07-24
2062,31,59796.797,2062-07-31
2062,32,57004.438,2062-08-07
2062,33,55168.938,2062-08-14
2062,34,54604.25,2062-08-21
2062,35,52484.24,2062-08-28
2062,36,52096.285,2062-09-04
2062,37,51357.33,2062-09-11
2062,38,50786.332,2062-09-18
2062,39,50960.99,2062-09-25
2062,40,52650.137,2062-10-02
2062,41,52656.414,2062-10-09
2062,42,53069.164,2062-10-16
2062,43,50380.508,2062-10-23
2062,44,52688.934,2062-10-30
2062,45,54040.285,2062-11-06
2062,46,54096.367,2062-11-13
2062,47,54734.746,2062-11-20
2062,48,52072.16,2062-11-27
2062,49,52645.332,2062-12-04
2062,50,53780.99,2062-12-11
2062,51,58220.434,2062-12-18
2062,52,68640.2,2062-12-25
2063,1,66375.81,2063-01-01
2063,2,58632.746,2063-01-08
2063,3,54010.46,2063-01-15
2063,4,52814.62,2063-01-22
2063,5,57451.203,2063-01-29
2063,6,57202.23,2063-02-05
2063,7,55989.863,2063-02-12
2063,8,53760.637,2063-02-19
2063,9,55373.656,2063-02-26
2063,10,53280.824,2063-03-05
2063,11,52300.92,2063-03-12
2063,12,53576.492,2063-03-19
2063,13,51575.125,2063-03-26
2063,14,52989.477,2063-04-02
2063,15,55225.22,2063-04-09
2063,16,53833.836,2063-04-16
2063,17,53716.3,2063-04-23
2063,18,56110.535,2063-04-30
2063,19,55729.363,2063-05-07
2063,20,58994.402,2063-05-14
2063,21,61433.336,2063-05-21
2063,22,57766.203,2063-05-28
2063,23,59759.2,2063-06-04
2063,24,60530.406,2063-06-11
2063,25,62630.63,2063-06-18
2063,26,63823.582,2063-06-25
2063,27,63506.383,2063-07-02
2063,28,59333.793,2063-07-09
2063,29,59824.96,2063-07-16
2063,30,61038.945,2063-07-23
2063,31,59285.086,2063-07-30
2063,32,55892.918,2063-08-06
2063,33,55923.33,2063-08-13
2063,34,55612.68,2063-08-20
2063,35,54311.805,2063-08-27
2063,36,51947.168,2063-09-03
2063,37,54711.332,2063-09-10
2063,38,51903.742,2063-09-17
2063,39,54141.875,2063-09-24
2063,40,53182.01,2063-10-01
2063,41,52733.992,2063-10-08
2063,42,52003.113,2063-10-15
2063,43,53103.96,2063-10-22
2063,44,52963.137,2063-10-29
2063,45,56219.863,2063-11-05
2063,46,54213.973,2063-11-12
2063,47,54393.92,2063-11-19
2063,48,55745.844,2063-11-26
2063,49,56125.973,2063-12-03
2063,50,55211.043,2063-12-10
2063,51,55064.78,2063-12-17
2063,52,61109.65,2063-12-24
2064,1,74585.47,2064-01-07
2064,2,60062.89,2064-01-14
2064,3,62688.203,2064-01-21
2064,4,53459.984,2064-01-28
2064,5,59548.96,2064-02-04
2064,6,58716.555,2064-02-11
2064,7,55322.55,2064-02-18
2064,8,55566.88,2064-02-25
2064,9,53356.715,2064-03-03
2064,10,57675.336,2064-03-10
2064,11,53591.312,2064-03-17
2064,12,55863.59,2064-03-24
2064,13,54804.234,2064-03-31
2064,14,55967.82,2064-04-07
2064,15,52357.188,2064-04-14
2064,16,52247.742,2064-04-21
2064,17,53414.33,2064-04-28
2064,18,55026.28,2064-05-05
2064,19,54655.76,2064-05-12
2064,20,55110.33,2064-05-19
2064,21,56852.613,2064-05-26
2064,22,59632.188,2064-06-02
2064,23,58806.344,2064-06-09
2064,24,60282.402,2064-06-16
2064,25,61228.625,2064-06-23
2064,26,58646.78,2064-06-30
2064,27,62849.242,2064-07-07
2064,28,60705.15,2064-07-14
2064,29,57707.35,2064-07-21
2064,30,57728.07,2064-07-28
2064,31,57041.105,2064-08-04
2064,32,58851.67,2064-08-11
2064,33,59112.402,2064-08-18
2064,34,58650.652,2064-08-25
2064,35,54469.992,2064-09-01
2064,36,51755.95,2064-09-08
2064,37,53684.96,2064-09-15
2064,38,52185.656,2064-09-22
2064,39,53159.797,2064-09-29
2064,40,53082.773,2064-10-06
2064,41,52348.547,2064-10-13
2064,42,51109.297,2064-10-20
2064,43,55451.78,2064-10-27
2064,44,50822.434,2064-11-03
2064,45,51741.41,2064-11-10
2064,46,50987.395,2064-11-17
2064,47,52412.055,2064-11-24
2064,48,53822.25,2064-12-01
2064,49,55511.36,2064-12-08
2064,50,53339.18,2064-12-15
2064,51,60995.836,2064-12-22
2064,52,57216.25,2064-12-29
2065,1,34107.5,2065-01-05
2065,2,56914.367,2065-01-12
2065,3,58413.504,2065-01-19
2065,4,58518.5,2065-01-26
2065,5,59238.184,2065-02-02
2065,6,54528.67,2065-02-09
2065,7,56506.016,2065-02-16
2065,8,54141.535,2065-02-23
2065,9,54535.406,2065-03-02
2065,10,52428.688,2065-03-09
2065,11,54969.418,2065-03-16
2065,12,53951.83,2065-03-23
2065,13,52486.57,2065-03-30
2065,14,51663.67,2065-04-06
2065,15,52477.05,2065-04-13
2065,16,53884.176,2065-04-20
2065,17,53739.195,2065-04-27
2065,18,54267.57,2065-05-04
2065,19,56220.832,2065-05-11
2065,20,57598.543,2065-05-18
2065,21,56593.867,2065-05-25
2065,22,60184.715,2065-06-01
2065,23,60679.695,2065-06-08
2065,24,58500.043,2065-06-15
2065,25,65342.082,2065-06-22
2065,26,61103.598,2065-06-29
2065,27,59672.438,2065-07-06
2065,28,62112.113,2065-07-13
2065,29,59633.45,2065-07-20
2065,30,59131.656,2065-07-27
2065,31,59862.64,2065-08-03
2065,32,56478.93,2065-08-10
2065,33,58739.56,2065-08-17
2065,34,56344.54,2065-08-24
2065,35,56250.332,2065-08-31
2065,36,54143.15,2065-09-07
2065,37,52948.723,2065-09-14
2065,38,54020.582,2065-09-21
2065,39,54074.742,2065-09-28
2065,40,53514.875,2065-10-05
2065,41,53654.57,2065-10-12
2065,42,53888.41,2065-10-19
2065,43,53468.9,2065-10-26
2065,44,54697.242,2065-11-02
2065,45,55828.22,2065-11-09
2065,46,54763.535,2065-11-16
2065,47,54767.773,2065-11-23
2065,48,56870.707,2065-11-30
2065,49,55173.66,2065-12-07
2065,50,53105.684,2065-12-14
2065,51,56961.855,2065-12-21
2065,52,57926.055,2065-12-28
2065,53,33810.68,2066-01-04
2066,1,59386.914,2066-01-04
2066,2,61494.25,2066-01-11
2066,3,65786.49,2066-01-18
2066,4,58758.86,2066-01-25
2066,5,57755.72,2066-02-01
2066,6,57204.51,2066-02-08
2066,7,57088.234,2066-02-15
2066,8,54990.12,2066-02-22
2066,9,56095.348,2066-03-01
2066,10,55038.5,2066-03-08
2066,11,54230.805,2066-03-15
2066,12,52704.43,2066-03-22
2066,13,53625.176,2066-03-29
2066,14,52855.957,2066-04-05
2066,15,53781.45,2066-04-12
2066,16,54907.91,2066-04-19
2066,17,58796.453,2066-04-26
2066,18,57839.11,2066-05-03
2066,19,56245.547,2066-05-10
2066,20,57173.95,2066-05-17
2066,21,61914.74,2066-05-24
2066,22,59248.312,2066-05-31
2066,23,60040.68,2066-06-07
2066,24,59341.434,2066-06-14
2066,25,59340.406,2066-06-21
2066,26,63094.805,2066-06-28
2066,27,62200.773,2066-07-05
2066,28,61632.71,2066-07-12
2066,29,56131.664,2066-07-19
2066,30,59776.668,2066-07-26
2066,31,58880.22,2066-08-02
2066,32,55439.875,2066-08-09
2066,33,54199.473,2066-08-16
2066,34,54488.758,2066-08-23
2066,35,54025.977,2066-08-30
2066,36,50915.895,2066-09-06
2066,37,55160.383,2066-09-13
2066,38,55987.6,2066-09-20
2066,39,53292.938,2066-09-27
2066,40,51876.305,2066-10-04
2066,41,54812.96,2066-10-11
2066,42,52245.258,2066-10-18
2066,43,55128.16,2066-10-25
2066,44,54889.6,2066-11-01
2066,45,56114.344,2066-11-08
2066,46,53564.77,2066-11-15
2066,47,53758.492,2066-11-22
2066,48,52842.336,2066-11-29
2066,49,53747.79,2066-12-06
2066,50,53598.594,2066-12-13
2066,51,57468.95,2066-12-20
2066,52,45042.273,2066-12-27
2066,53,26235.861,2067-01-03
2067,1,57960.664,2067-01-03
2067,2,59537.164,2067-01-10
2067,3,57393.39,2067-01-17
2067,4,57539.77,2067-01-24
2067,5,54067.945,2067-01-31
2067,6,56066.37,2067-02-07
2067,7,56928.06,2067-02-14
2067,8,54945.594,2067-02-21
2067,9,55105.035,2067-02-28
2067,10,54319.867,2067-03-07
2067,11,54225.633,2067-03-14
2067,12,53059.543,2067-03-21
2067,13,52204.473,2067-03-28
2067,14,53464.65,2067-04-04
2067,15,51911.04,2067-04-11
2067,16,53144.07,2067-04-18
2067,17,54419.656,2067-04-25
2067,18,56457.504,2067-05-02
2067,19,58067.754,2067-05-09
2067,20,56209.05,2067-05-16
2067,21,58049.617,2067-05-23
2067,22,59498.527,2067-05-30
2067,23,61319.6,2067-06-06
2067,24,59822.855,2067-06-13
2067,25,60502.246,2067-06-20
2067,26,61420.74,2067-06-27
2067,27,58149.836,2067-07-04
2067,28,61427.95,2067-07-11
2067,29,57756.266,2067-07-18
2067,30,57049.023,2067-07-25
2067,31,55779.695,2067-08-01
2067,32,57523.727,2067-08-08
2067,33,52786.09,2067-08-15
2067,34,51887.805,2067-08-22
2067,35,52481.75,2067-08-29
2067,36,52731.77,2067-09-05
2067,37,51112.754,2067-09-12
2067,38,51720.74,2067-09-19
2067,39,51973.83,2067-09-26
2067,40,51301.508,2067-10-03
2067,41,52766.758,2067-10-10
2067,42,51407.58,2067-10-17
2067,43,53138.508,2067-10-24
2067,44,52019.36,2067-10-31
2067,45,52778.71,2067-11-07
2067,46,51712.12,2067-11-14
2067,47,52661.68,2067-11-21
2067,48,55165.887,2067-11-28
2067,49,58387.71,2067-12-05
2067,50,54942.168,2067-12-12
2067,51,57758.426,2067-12-19
2067,52,65170.766,2067-12-26
2068,1,68938.71,2068-01-02
2068,2,55953.9,2068-01-09
2068,3,58661.336,2068-01-16
2068,4,55991.168,2068-01-23
2068,5,58228.64,2068-01-30
2068,6,54710.48,2068-02-06
2068,7,55891.273,2068-02-13
2068,8,55595.312,2068-02-20
2068,9,54911.58,2068-02-27
2068,10,54643.04,2068-03-05
2068,11,54809.61,2068-03-12
2068,12,54286.336,2068-03-19
2068,13,53236.297,2068-03-26
2068,14,51002.645,2068-04-02
2068,15,53311.727,2068-04-09
2068,16,54845.83,2068-04-16
2068,17,54586.664,2068-04-23
2068,18,54484.47,2068-04-30
2068,19,53482.12,2068-05-07
2068,20,54843.28,2068-05-14
2068,21,56528.24,2068-05-21
2068,22,59041.27,2068-05-28
2068,23,58438.71,2068-06-04
2068,24,59709.086,2068-06-11
2068,25,61193.47,2068-06-18
2068,26,61332.92,2068-06-25
2068,27,61033.734,2068-07-02
2068,28,59833.727,2068-07-09
2068,29,57970.7,2068-07-16
2068,30,58914.51,2068-07-23
2068,31,60607.75,2068-07-30
2068,32,56744.79,2068-08-06
2068,33,55243.53,2068-08-13
2068,34,55839.93,2068-08-20
2068,35,52179.043,2068-08-27
2068,36,52856.56,2068-09-03
2068,37,51569.35,2068-09-10
2068,38,51650.395,2068-09-17
2068,39,51415.12,2068-09-24
2068,40,53077.72,2068-10-01
2068,41,53833.336,2068-10-08
2068,42,52690.9,2068-10-15
2068,43,51255.824,2068-10-22
2068,44,52978.566,2068-10-29
2068,45,56170.324,2068-11-05
2068,46,53613.902,2068-11-12
2068,47,55416.973,2068-11-19
2068,48,52526.32,2068-11-26
2068,49,53382.875,2068-12-03
2068,50,54445.293,2068-12-10
2068,51,59708.08,2068-12-17
2068,52,67837.82,2068-12-24
2069,1,67720.04,2069-01-07
2069,2,59823.977,2069-01-14
2069,3,53229.79,2069-01-21
2069,4,54180.855,2069-01-28
2069,5,57478.266,2069-02-04
2069,6,57643.914,2069-02-11
2069,7,56393.863,2069-02-18
2069,8,54101.19,2069-02-25
2069,9,55226.953,2069-03-04
2069,10,54390.297,2069-03-11
2069,11,52404.438,2069-03-18
2069,12,53896.54,2069-03-25
2069,13,52503.562,2069-04-01
2069,14,53347.66,2069-04-08
2069,15,56294.223,2069-04-15
2069,16,54145.977,2069-04-22
2069,17,54724.07,2069-04-29
2069,18,56759.91,2069-05-06
2069,19,56673.055,2069-05-13
2069,20,59997.605,2069-05-20
2069,21,61515.97,2069-05-27
2069,22,58481.785,2069-06-03
2069,23,60665.023,2069-06-10
2069,24,61061.836,2069-06-17
2069,25,63346.715,2069-06-24
2069,26,64364.93,2069-07-01
2069,27,63785.777,2069-07-08
2069,28,59314.043,2069-07-15
2069,29,59792.96,2069-07-22
2069,30,62426.523,2069-07-29
2069,31,59045.758,2069-08-05
2069,32,56667.4,2069-08-12
2069,33,56845.633,2069-08-19
2069,34,56114.29,2069-08-26
2069,35,54004.18,2069-09-02
2069,36,53100.965,2069-09-09
2069,37,55115.71,2069-09-16
2069,38,52623.004,2069-09-23
2069,39,54551.34,2069-09-30
2069,40,53794.113,2069-10-07
2069,41,53294.92,2069-10-14
2069,42,52753.938,2069-10-21
2069,43,53835.49,2069-10-28
2069,44,53737.965,2069-11-04
2069,45,57077.74,2069-11-11
2069,46,54877.426,2069-11-18
2069,47,54799.266,2069-11-25
2069,48,56104.195,2069-12-02
2069,49,58163.016,2069-12-09
2069,50,54039.254,2069-12-16
2069,51,56764.59,2069-12-23
2069,52,61649.99,2069-12-30
2070,1,66362.79,2070-01-06
2070,2,61977.188,2070-01-13
2070,3,61782.75,2070-01-20
2070,4,54485.19,2070-01-27
2070,5,61255.043,2070-02-03
2070,6,57379.14,2070-02-10
2070,7,56320.973,2070-02-17
2070,8,55411.758,2070-02-24
2070,9,54265.51,2070-03-03
2070,10,58163.24,2070-03-10
2070,11,54061.996,2070-03-17
2070,12,56405.586,2070-03-24
2070,13,55508.426,2070-03-31
2070,14,56066.59,2070-04-07
2070,15,52735.15,2070-04-14
2070,16,53404.527,2070-04-21
2070,17,53630.29,2070-04-28
2070,18,55928.05,2070-05-05
2070,19,54963.566,2070-05-12
2070,20,56043.418,2070-05-19
2070,21,57822.758,2070-05-26
2070,22,60104.844,2070-06-02
2070,23,59079.402,2070-06-09
2070,24,61420.93,2070-06-16
2070,25,61594.445,2070-06-23
2070,26,59686.28,2070-06-30
2070,27,62507.125,2070-07-07
2070,28,61388.57,2070-07-14
2070,29,58271.164,2070-07-21
2070,30,58803.07,2070-07-28
2070,31,56615.805,2070-08-04
2070,32,59731.11,2070-08-11
2070,33,60460.832,2070-08-18
2070,34,58821.29,2070-08-25
2070,35,53687.766,2070-09-01
2070,36,52279.887,2070-09-08
2070,37,55467.6,2070-09-15
2070,38,51966.785,2070-09-22
2070,39,54108.164,2070-09-29
2070,40,53430.438,2070-10-06
2070,41,52933.434,2070-10-13
2070,42,51661.055,2070-10-20
2070,43,56199.008,2070-10-27
2070,44,51618.246,2070-11-03
2070,45,52413.125,2070-11-10
2070,46,51915.95,2070-11-17
2070,47,52698.89,2070-11-24
2070,48,54518.27,2070-12-01
2070,49,56381.156,2070-12-08
2070,50,54692.67,2070-12-15
2070,51,61093.21,2070-12-22
2070,52,58515.86,2070-12-29
2071,1,8619.42,2071-01-05
